エリア;ステージID;グループID;サブグループID;ダンジョン名;フィールド;補足;メモ1;メモ2;メモ3;メモ4;メモ5;メモ6;メモ7
レスタニア;1;;;レスタニアフィールド;フィールド;;;;;;;;
;2;;;;;;;;;;;;
;3;;;;;;;;;;;;
;4;;;;;;;;;;;;
;5;;;;;;;;;;;;
;6;;;;;;;;;;;;
;7;;;;;;;;;;;;
;8;;;;;;;;;;;;
;9;;;;;;;;;;;;
;10;;;;;;;;;;;;
;11;;;;;;;;;;;;
;12;;;;;;;;;;;;
;13;;;;;;;;;;;;
;14;;;;;;;;;;;;
;15;;;;;;;;;;;;
;16;;;;;;;;;;;;
;17;;;;;;;;;;;;
;18;;;;;;;;;;;;
;19;;;;;;;;;;;;
;20;;;;;;;;;;;;
;21;;;;;;;;;;;;
;22;;;;;;;;;;;;
;23;;;;;;;;;;;;
;24;;;;;;;;;;;;
;25;;;;;;;;;;;;
;26;;;;;;;;;;;;
レスタニア;27;;;食糧庫;ダウ渓谷;ドリード城のゴーレムの居るところの隣の部屋;;;;;;;
レスタニア;28;;;森の廃墟地下;ミスリウ森林深部;;;;;;;;
レスタニア;29;;;廃屋の地下室;ハイデル平原;開かずの路（エリア内）も込み？;;;;;;;
;29;;;;;;;;;;;;
レスタニア;30;;;廃墟の食糧庫;ダウ渓谷;;;;;;;;
レスタニア;31;;;崩れかけたワイン庫;ダウ渓谷;;;;;;;;
レスタニア;32;;;灯台の地下倉庫;ザンドラ東部;ザンドラ灯台　;;;;;;;
;33;;;;;;;;;;;;
レスタニア;33;;;海辺の地下室(lv14);ブリア海岸;;;;;;;;
レスタニア;34;;;浜辺の地下保管庫(lv19);ブリア海岸;;;;;;;;
;35;;;;;;;;;;;;
;36;;;;;;;;;;;;
;37;;;;;;;;;;;;
;38;;;;;;;;;;;;
;39;;;;;;;;;;;;
レスタニア;40;;;乾いた地下倉庫;バートランド平原;;;;;;;;
レスタニア;41;;;遺跡の地下室;ザンドラ;;;;;;;;
;42;;;;;;;;;;;;
;43;;;;;;;;;;;;
;44;;;;;;;;;;;;
;45;;;;;;;;;;;;
レスタニア;46;;;掘削中の井戸;ダウ渓谷;ダウ渓谷　渓谷の一軒家（ジョブマスター）付近;;;;;;;
;47;;;;;;;;;;;;
;48;;;;;;;;;;;;
;49;;;;;;;;;;;;
;50;;;;;;;;;;;;
;51;;;;;;;;;;;;
;52;;;;;;;;;;;;
;53;;;;;;;;;;;;
;54;;;;;;;;;;;;
;55;;;;;;;;;;;;
;56;;;;;;;;;;;;
;57;;;;;;;;;;;;
;58;;;;;;;;;;;;
;59;;;;;;;;;;;;
;60;;;;;;;;;;;;
;61;;;;;;;;;;;;
;62;;;;;;;;;;;;
;63;;;;;;;;;;;;
;64;;;;;;;;;;;;
レスタニア;65;;;廃都の住居跡;ザンドラ東部;東ザンドラ廃墟群;;;;;;;
;66;;;;;;;;;;;;
レスタニア;67;;;燐光虫の洞窟(lv17);ミスリウ森林;;;;;;;;
レスタニア;68;;;ガルドノック砦;バートランド平原北部;モゴックのいるところ;;;;;;;
レスタニア;69;;;ドリード城;ダウ渓谷;;;;;;;;
レスタニア;70;;;エルテ・ディナン;ディナン深層林;エルテ・ディナン;;;;;;;
;71;;;;;;;;;;;;
レスタニア;72;;;ボルド大坑道;ボルド鉱山;;;;;;;;
;73;;;;;;;;;;;;
レスタニア;74;;;祠の神殿;バートランド平原;;;;;;;;
;75;;;;;;;;;;;;
レスタニア;76;;;メルゴダ下層;メルゴダ;;;;;;;;
レスタニア;77;;;メルゴダ護政区;ザンドラ禁域;;;;;;;;
;78;;;;;;;;;;;;
レスタニア;79;;;古の祭祀場(lv18);ミスリウ森林;;;;;;;;
;80;;;;;;;;;;;;
レスタニア;81;;;禊の神殿　離殿;ザンドラ東部;;;;;;;;
;82;;;;;;;;;;;;
;83;;;;;;;;;;;;
レスタニア;84;;;メルゴダ王宮;メルゴダ;;;;;;;;
レスタニア;85;;;ハイデル地下霊廟;ハイデル平原;;;;;;;;
;86;;;;;;;;;;;;
;87;;;;;;;;;;;;
レスタニア;87;;;開かずの路(lv18);ハイデル平原;廃屋の地下室の奥から行く;;;;;;;
レスタニア;88;;;死者の小窟;ハイデル平原;;;;;;;;
レスタニア;89;;;棄てられた地下道;ダウ渓谷;;;;;;;;
レスタニア;90;;;カタコンペ(lv38);ダウ渓谷;;;;;;;;
レスタニア;91;;;バートランド墓地;バートランド平原;;;;;;;;
レスタニア;92;;;死王の迷宮;ザンドラ東部;;;;;;;;
レスタニア;93;;;怨嗟の祠;ザンドラ東部;;;;;;;;
レスタニア;94;;;虚ろの小堂;ザンドラ東部;;;;;;;;
レスタニア;95;;;ホボリック洞穴;ボルド鉱山;;;;;;;;
レスタニア;96;;;採掘師の隠れ道（ｌｖ27）;ボルド鉱山;;;;;;;;
;97;;;森民の地下道;ディナン深層林;;;;;;;;
レスタニア;98;;;潮騒洞窟（lv33）;ブリア海岸;;4;9;15;;;;
レスタニア;99;;;風鳴り洞窟;ダウ渓谷;;;;;;;;
;100;;;;;;;;;;;;
レスタニア;101;;;ボルド小坑道;ボルド鉱山;;;;;;;;
レスタニア;102;;;盗賊の隠れ家;ボルド鉱山;鍵開かず;;;;;;;
レスタニア;103;;;悪鬼の岩窟;ボルド鉱山;;;;;;;;
レスタニア;104;;;南壁のひび;ボルド鉱山;;;;;;;;
;105;;;;;;;;;;;;
レスタニア;106;;;レ・カルパス・パティーロ;ディナン深層林;エルテ・ディナン;;;;;;;
レスタニア;107;;;レ・カルパス・ロタナ;ディナン深層林;エルテ・ディナン;;;;;;;
レスタニア;108;;;レ・カルパス・サルトー;ディナン深層林;エルテ・ディナン;;;;;;;
レスタニア;109;;;レ・カルパス・アーマ;ディナン深層林;エルテ・ディナン　アングルスのいるところ(0~17);;;;;;;
レスタニア;110;;;深緑のテラス;ミスリウ森林深部;;;;;;;;
レスタニア;111;;;霊泉のテラス;ミスリウ森林深部;;;;;;;;
レスタニア;112;;;蒼葉のテラス;ミスリウ森林深部;;;;;;;;
レスタニア;113;;;斜陽のテラス;ミスリウ森林深部;;;;;;;;
レスタニア;114;;;月影のテラス;ミスリウ森林深部;;;;;;;;
レスタニア;115;;;ドリード排水路;ダウ渓谷;ドリード城;3;5;7;10;12、13;17（最奥）;
;116;;;;;;;;;;;;
レスタニア;117;;;地下通用口（ドリード城）;ダウ渓谷;ドリード城内;50;53;1;;;;
;118;;;;;;;;;;;;
;119;;;;;;;;;;;;
レスタニア;120;;;旧騎士団通路(旧騎士団連絡路？);バートランド平原;;1;11;2(鍵）;17(鍵）;;;
;121;;;;;;;;;;;;
;122;;;;;;;;;;;;
レスタニア;123;;;旧騎士団資材庫;バートランド平原北部;ドラワン;;;;;;;
レスタニア;124;;;湖岸地下室;バートランド平原;セラー湖船墓場;;;;;;;
レスタニア;125;;;城の古井戸;ダウ渓谷;ドリード城のゴーレムの居るところの井戸;0（玉座）;3;4;6;9;12;15
レスタニア;126;;;テルの枯れ井戸;ハイデル平原;開かずの路（エリア内）も込み？;0;15;16;;;;
レスタニア;127;;;村の枯井戸;ダウ渓谷;ジンゲン;;;;;;;
;128;;;;;;;;;;;;
;129;;;;;;;;;;;;
レスタニア;130;;;朽ちかけた井戸;バートランド平原北部;ドラワン;;;;;;;
レスタニア;131;;;嘆き井戸;ザンドラ東部;ゾマ;;;;;;;
レスタニア;132;;;賢者の古井戸;ザンドラ禁域;;;;;;;;
レスタニア;133;;;灯台下の古井戸(lv12);ブリア海岸;;8;;;;;;
レスタニア;134;;;ハイデル街道の枯れ井戸;ハイデル平原;;;;;;;;
レスタニア;135;;;修練の祠(lv3);ハイデル平原;;;;;;;;
レスタニア;136;;;溪谷の小堂;ダウ渓谷;;;;;;;;
;137;;;;;;;;;;;;
レスタニア;138;;;山頂の小堂;ボルド鉱山;;;;;;;;
;139;;;;;;;;;;;;
;140;;;;;;;;;;;;
;141;;;;;;;;;;;;
;142;;;;;;;;;;;;
;143;;;;;;;;;;;;
;144;;;;;;;;;;;;
;145;;;;;;;;;;;;
レスタニア;146;;;アーク(lv16);ハイデル平原;;;;;;;;
レスタニア;147;;;第二のアーク（ｌｖ46）;バートランド平原;;;;;;;;
;148;;;;;;;;;;;;
レスタニア;149;;;禊の神殿　離殿　湖底連絡路;ザンドラ東部;ザンドラ東部;;;;;;;
;150;;;;;;;;;;;;
レスタニア;151;;;ドリード水路跡;ダウ渓谷;;;;;;;;
レスタニア;152;;;キノザ治水路;ボルド鉱山;;;;;;;;
レスタニア;153;;;リンウッド地下水路();ミスリウ森林;;;;;;;;
レスタニア;154;;;旧騎士団詰め所;ダウ渓谷;;;;;;;;
レスタニア;155;;;バートランド地下道;バートランド平原;ドラワン;;;;;;;
レスタニア;156;;;テゴル治水路;バートランド平原北部;;;;;;;;
レスタニア;157;;;メルゴダ大水網;ザンドラ禁域;;;;;;;;
;158;;;;;;;;;;;;
;159;;;;;;;;;;;;
レスタニア;159;;;ミスリウ鍾乳洞(lv32);ミスリウ森林;;;;;;;;
レスタニア;160;;;魔獣の巣穴(lv16);ミスリウ森林;;;;;;;;
レスタニア;161;;;狩人の抜け穴（lv5）;ハイデル平原;;;;;;;;
レスタニア;162;;;聖樹のテラス;ミスリウ森林深部;;;;;;;;
レスタニア;163;;;神花のテラス;ミスリウ森林深部;;;;;;;;
レスタニア;164;;;旧地下実験所;ザンドラ禁域;ザンドラ;;;;;;;
レスタニア;165;;;閉ざされた古井戸;ダウ渓谷;;;;;;;;
レスタニア;166;;;掘削中の井戸;ダウ渓谷;;;;;;;;
レスタニア;167;;;呻きの枯井戸;バートランド平原;鍵あかない→戦鬼の影穴;;;;;;;
;168;;;;;;;;;;;;
レスタニア;169;;;取水場跡;ザンドラ東部;東ザンドラ廃墟群;;;;;;;
レスタニア;170;;;水陰の淵辺;ミスリウ森林深部;月影のテラス;;;;;;;
;171;;;;;;;;;;;;
;172;;;;;;;;;;;;
レスタニア;173;;;地下納骨堂;バートランド平原北部;ドラワン;;;;;;;
;174;;;;;;;;;;;;
;175;;;;;;;;;;;;
;176;;;;;;;;;;;;
;177;;;;;;;;;;;;
;178;;;;;;;;;;;;
;179;;;;;;;;;;;;
;180;;;;;;;;;;;;
;181;;;;;;;;;;;;
;182;;;;;;;;;;;;
;183;;;;;;;;;;;;
;184;;;;;;;;;;;;
;185;;;;;;;;;;;;
;186;;;;;;;;;;;;
;187;;;;;;;;;;;;
;188;;;;;;;;;;;;
;189;;;;;;;;;;;;
;190;;;;;;;;;;;;
;191;;;;;;;;;;;;
;192;;;;;;;;;;;;
;193;;;;;;;;;;;;
;194;;;;;;;;;;;;
;195;;;;;;;;;;;;
;196;;;;;;;;;;;;
;197;;;;;;;;;;;;
;198;;;;;;;;;;;;
;199;;;;;;;;;;;;
;200;;;;;;;;;;;;
;201;;;;;;;;;;;;
;202;;;;;;;;;;;;
;203;;;;;;;;;;;;
;204;;;;;;;;;;;;
;205;;;;;;;;;;;;
;206;;;;;;;;;;;;
;207;;;;;;;;;;;;
;208;;;;;;;;;;;;
;209;;;;;;;;;;;;
;210;;;;;;;;;;;;
;211;;;;;;;;;;;;
;212;;;;;;;;;;;;
;213;;;;;;;;;;;;
;214;;;;;;;;;;;;
;215;;;;;;;;;;;;
;216;;;;;;;;;;;;
;217;;;;;;;;;;;;
;218;;;;;;;;;;;;
;219;;;;;;;;;;;;
;220;;;;;;;;;;;;
;221;;;;;;;;;;;;
;222;;;;;;;;;;;;
;223;;;;;;;;;;;;
;224;;;;;;;;;;;;
;225;;;;;;;;;;;;
;226;;;;;;;;;;;;
;227;;;;;;;;;;;;
;228;;;;;;;;;;;;
;229;;;;;;;;;;;;
;230;;;;;;;;;;;;
;231;;;;;;;;;;;;
;232;;;;;;;;;;;;
;233;;;;;;;;;;;;
;234;;;;;;;;;;;;
;235;;;;;;;;;;;;
;236;;;;;;;;;;;;
;237;;;;;;;;;;;;
レスタニア;238;;;ハイデル地下霊廟　深部(lv);ハイデル平原;ハイデル地下霊廟内にある;;;;;;;
レスタニア;239;;;ハイデル地下霊廟　最深部(lv30);ハイデル平原;ハイデル地下霊廟　深部内にある;;;;;;;
;240;;;;;;;;;;;;
;241;;;;;;;;;;;;
;242;;;;;;;;;;;;
;243;;;;;;;;;;;;
;244;;;;;;;;;;;;
;245;;;;;;;;;;;;
;246;;;;;;;;;;;;
;247;;;;;;;;;;;;
;248;;;;;;;;;;;;
;249;;;;;;;;;;;;
;250;;;;;;;;;;;;
;251;;;;;;;;;;;;
;252;;;;;;;;;;;;
;253;;;;;;;;;;;;
;254;;;;;;;;;;;;
;255;;;;;;;;;;;;
;256;;;;;;;;;;;;
;257;;;;;;;;;;;;
;258;;;;;;;;;;;;
;259;;;;;;;;;;;;
;260;;;;;;;;;;;;
;261;;;;;;;;;;;;
;262;;;;;;;;;;;;
;263;;;;;;;;;;;;
;264;;;;;;;;;;;;
;265;;;;;;;;;;;;
;266;;;;;;;;;;;;
;267;;;;;;;;;;;;
;268;;;;;;;;;;;;
;269;;;;;;;;;;;;
;270;;;;;;;;;;;;
;271;;;;;;;;;;;;
;272;;;;;;;;;;;;
;273;;;;;;;;;;;;
;274;;;;;;;;;;;;
;275;;;;;;;;;;;;
;276;;;;;;;;;;;;
;277;;;;;;;;;;;;
;278;;;;;;;;;;;;
;279;;;;;;;;;;;;
;280;;;;;;;;;;;;
;281;;;;;;;;;;;;
;282;;;;;;;;;;;;
;283;;;;;;;;;;;;
;284;;;;;;;;;;;;
;285;;;;;;;;;;;;
;286;;;;;;;;;;;;
;287;;;;;;;;;;;;
;288;;;;;;;;;;;;
;289;;;;;;;;;;;;
;290;;;;;;;;;;;;
;291;;;;;;;;;;;;
;292;;;;;;;;;;;;
;293;;;;;;;;;;;;
;294;;;;;;;;;;;;
;295;;;;;;;;;;;;
;296;;;;;;;;;;;;
;297;;;;;;;;;;;;
;298;;;;;;;;;;;;
;299;;;;;;;;;;;;
レスタニア;300;;;グリッテン砦;ハイデル平原;メインストーリーチュートリアル;;;;;;;
;301;;;;;;;;;;;;
;302;;;;;;;;;;;;
;303;;;;;;;;;;;;
;304;;;;;;;;;;;;
;305;;;;;;;;;;;;
;306;;;;;;;;;;;;
;307;;;;;;;;;;;;
;308;;;;;;;;;;;;
;309;;;;;;;;;;;;
;310;;;;;;;;;;;;
;311;;;;;;;;;;;;
;312;;;;;;;;;;;;
;313;;;;;;;;;;;;
;314;;;;;;;;;;;;
;315;;;;;;;;;;;;
魔赤島;316;;;侵食魔の巣窟;魔赤島;;;;;;;;
魔赤島;317;;;滝鳴洞窟;魔赤島;;;;;;;;
魔赤島;318;;;不浄の掃き溜め;魔赤島;;;;;;;;
;319;;;;;;;;;;;;
魔赤島;320;;;群像の岩屋;魔赤島;;;;;;;;
魔赤島;321;;;侵食魔の巣窟　奥底;魔赤島;侵食魔の巣窟内;;;;;;;
魔赤島;321;;;侵食魔の巣窟　奥底　深層;魔赤島;侵食魔の巣窟　奥底内;;;;;;;
魔赤島;321;;;侵食魔の巣窟　危険区域（鍵）;魔赤島;;多分;;;;;;
魔赤島;322;;;菌糸の襲窟;魔赤島　絶壁;;;;;;;;
魔赤島;322;;;菌糸の襲窟　脇道;魔赤島　絶壁;菌糸の襲窟内;;;;;;;
;323;;;;;;;;;;;;
;324;;;;;;;;;;;;
;325;;;;;;;;;;;;
;326;;;;;;;;;;;;
;327;;;;;;;;;;;;
;328;;;;;;;;;;;;
魔赤島;329;;;せせらぎの地下聖堂;魔赤島;;;;;;;;
魔赤島;330;;;氷気の遺路;魔赤島;最奥の敵倒すと鍵開く;;;;;;;
魔赤島;330;;;氷気の遺路　深部;魔赤島;最奥の敵倒すと鍵開く;;;;;;;
;331;;;;;;;;;;;;
;332;;;;;;;;;;;;
レスタニア;333;;;;ブリア海岸;;;;;;;;
レスタニア;333;;;モルトバ遺跡(lv60);ブリア海岸;灯台下の古井戸(lv12)の奥;;;;;;;
レスタニア;333;;;モルトバ遺跡　左路(lv60);ブリア海岸;灯台下の古井戸(lv12)の奥　モルトバ遺跡内;;;;;;;
レスタニア;333;;;モルトバ遺跡　右路(lv60);ブリア海岸;灯台下の古井戸(lv12)の奥　モルトバ遺跡内;;;;;;;
;334;;;;;;;;;;;;
魔赤島;335;;;魔赤島フィールド;フィールド;最初の海岸エリア;;;;;;;
魔赤島;336;;;魔赤島　絶壁　フィールド;フィールド;;;;;;;;
魔赤島;337;;;魔赤島　山頂　フィールド;フィールド;;;;;;;;
;338;;;;;;;;;;;;
;339;;;;;;;;;;;;
;340;;;;;;;;;;;;
;341;;;;;;;;;;;;
;342;;;;;;;;;;;;
;343;;;;;;;;;;;;
;344;;;;;;;;;;;;
;345;;;;;;;;;;;;
;346;;;;;;;;;;;;
;347;;;;;;;;;;;;
;348;;;;;;;;;;;;
;349;;;;;;;;;;;;
;350;;;;;;;;;;;;
;351;;;;;;;;;;;;
;352;;;;;;;;;;;;
;353;;;;;;;;;;;;
;354;;;;;;;;;;;;
;355;;;;;;;;;;;;
;356;;;;;;;;;;;;
;357;;;;;;;;;;;;
;358;;;;;;;;;;;;
;359;;;;;;;;;;;;
;360;;;;;;;;;;;;
;361;;;;;;;;;;;;
;362;;;;;;;;;;;;
レスタニア;363;;;叫びの竪穴(lv70);ザンドラ禁域;;;;;;;;
レスタニア;363;;;古き地下水網;ザンドラ禁域;叫びの竪穴内;多分;;;;;;
レスタニア;364;;;見捨てられた井戸(lv68);ダウ渓谷;;;;;;;;
;365;;;;;;;;;;;;
フィンダム;366;;;ファーラナ遺跡;ファーラナ平原;;;;;;;;
フィンダム;367;;;聖河の遺跡;ファーラナ平原;;;;;;;;
;368;;;;;;;;;;;;
フィンダム;369;;;アンビュロス大遺跡;キンガル峡谷;;;;;;;;
;370;;;;;;;;;;;;
;371;;;;;;;;;;;;
フィンダム;372;;;エラン水林フィールド;エラン水林;;;;;;;;
フィンダム;373;;;キンガル峡谷フィールド;キンガル峡谷;;;;;;;;
フィンダム;374;;;モロー樹林フィールド;モロー樹林;;;;;;;;
;375;;;;;;;;;;;;
;376;;;;;;;;;;;;
;377;;;;;;;;;;;;
フィンダム;378;;;サウザネル浸林;モロー樹林;;;;;;;;
;379;;;;;;;;;;;;
フィンダム;380;;;精霊竜のねぐら;ファーラナ平原;ヴェイガサス回廊最上階ウィルミア戦のところ;;;;;;;
;381;;;;;;;;;;;;
;382;;;;;;;;;;;;
;383;;;;;;;;;;;;
;384;;;;;;;;;;;;
フィンダム;385;;;ヴェイガサス回廊;ファーラナ平原;ヴェイガサス回廊下層;;;;;;;
フィンダム;386;;;ヴァルテブルホール;ファーラナ平原;ヴェイガサス回廊上層(0~19);;;;;;;
;387;;;;;;;;;;;;
;388;;;;;;;;;;;;
;389;;;;;;;;;;;;
;390;;;;;;;;;;;;
;391;;;;;;;;;;;;
;392;;;;;;;;;;;;
;393;;;;;;;;;;;;
;394;;;;;;;;;;;;
;395;;;;;;;;;;;;
;396;;;;;;;;;;;;
;397;;;知恵の小塔;ファーラナ平原;;;;;;;;
;398;;;;;;;;;;;;
;399;;;;;;;;;;;;
;400;;;;;;;;;;;;
;401;;;;;;;;;;;;
;402;;;;;;;;;;;;
;403;;;;;;;;;;;;
フィンダム;404;;;ディプニエ大浸林;モロー樹林;;;;;;;;
;405;;;;;;;;;;;;
レスタニア;405;;;異界の狭間　深層部;ミスリウ森林;ポーン卿;;;;;;;
レスタニア;405;;;異界の狭間　深層部　左腕;ミスリウ森林;ポーン卿;;;;;;;
レスタニア;405;;;異界の狭間　深層部　右腕;ミスリウ森林;ポーン卿;;;;;;;
レスタニア;406;;;アーク 裏層(lv57);ハイデル平原;;;;;;;;
;407;;;;;;;;;;;;
;408;;;;;;;;;;;;
魔赤島;409;;;陽射す地下洞;魔赤島　絶壁;;;;;;;;
;410;;;;;;;;;;;;
;411;;;;;;;;;;;;
;412;;;;;;;;;;;;
フィンダム;413;;;ダナンデール洞窟;ファーラナ平原;;;;;;;;
フィンダム;414;;;モローへの小路;モロー樹林;;;;;;;;
フィンダム;415;;;虹舞い洞窟;エラン水林;;;;;;;;
;416;;;;;;;;;;;;
フィンダム;417;;;浸鬼の洞穴;モロー樹林;中央通路　鍵開かない;;;;;;;
フィンダム;418;;;モローケイヴァン;モロー樹林;深部鍵開かない;;;;;;;
フィンダム;419;;;ダナウィンの挑堂;ファーラナ平原;;;;;;;;
フィンダム;420;;;マグサス古水路;ファーラナ平原;;;;;;;;
;421;;;;;;;;;;;;
フィンダム;422;;;ハディン地下古道;キンガル峡谷;;;;;;;;
;423;;;;;;;;;;;;
;424;;;;;;;;;;;;
;425;;;;;;;;;;;;
レスタニア;426;;;飛天のテラス井戸の中;ミスリウ森林深部;鍵開かないので深層いけない　;;;;;;;
レスタニア;427;;;霧幻のテラス;ミスリウ森林深部;;;;;;;;
レスタニア;427;;;霧幻のテラス　浅層;ミスリウ森林深部;霧幻のテラス内;;;;;;;
レスタニア;427;;;霧幻のテラス　中層;ミスリウ森林深部;霧幻のテラス　浅層内;;;;;;;
レスタニア;427;;;霧幻のテラス　深層;ミスリウ森林深部;霧幻のテラス　中層内;多分;;;;;;
レスタニア;427;;;霧幻のテラス　危険区域(鍵）;ミスリウ森林深部;霧幻のテラス　中層内;多分;;;;;;
レスタニア;428;;;飛天のテラス;ミスリウ森林深部;;;;;;;;
;429;;;;;;;;;;;;
レスタニア;430;;;ミスリウ古墳墓;ミスリウ森林;;;;;;;;
レスタニア;430;;;ミスリウ古墳墓　不死の間（ｌｖ70）;ミスリウ森林;;;;;;;;
レスタニア;430;;;ミスリウ古墳墓　狩猟の間（ｌｖ70）;ミスリウ森林;;;;;;;;
レスタニア;431;;;罪人の修獄(lv63);バートランド平原;;;;;;;;
レスタニア;431;;;罪人の修獄　危険区域(鍵）;バートランド平原;罪人の修獄内;;;;;;;
レスタニア;432;;;幽玄の霊堂;ザンドラ東部;;;;;;;;
;433;;;;;;;;;;;;
;434;;;;;;;;;;;;
;435;;;;;;;;;;;;
;436;;;;;;;;;;;;
;437;;;;;;;;;;;;
;438;;;;;;;;;;;;
;439;;;;;;;;;;;;
フィンダム;440;;;タラーテ集水路;ファーラナ平原;;;;;;;;
フィンダム;440;;;タラーテ集水路　中央通路;ファーラナ平原;タラーテ集水路内;;;;;;;
フィンダム;440;;;タラーテ中央水路;ファーラナ平原;;;;;;;;
;441;;;;;;;;;;;;
;442;;;;;;;;;;;;
魔赤島;443;;;水声の瞑堂（鍵）;魔赤島　絶壁;;;;;;;;
;444;;;;;;;;;;;;
;445;;;;;;;;;;;;
;446;;;;;;;;;;;;
;447;;;;;;;;;;;;
フィンダム;448;;;古代地下宮;キンガル峡谷;二階　鍵あかない;;;;;;;
;449;;;;;;;;;;;;
;450;;;;;;;;;;;;
;451;;;;;;;;;;;;
;452;;;;;;;;;;;;
;453;;;;;;;;;;;;
;454;;;;;;;;;;;;
フィンダム;455;;;シェドレアン大神殿;キンガル;;;;;;;;
;456;;;;;;;;;;;;
;457;;;;;;;;;;;;
;458;;;;;;;;;;;;
;459;;;;;;;;;;;;
;460;;;;;;;;;;;;
アッカ―シェラン;461;;;ラスニテ山麗フィールド;フィールド;隠れ村ピレモス～;小鬼の物見台⇒10;休憩所跡地⇒9;;;;;
;462;;;落雷の大穴;ボスフィールド？;イミズの隣;;;;;;;
アッカ―シェラン;463;;;オジナの支配圏;フェルヤナ荒原;;;;;;;;
;464;;;メガドシス高地フィールド;フィールド;;;;;;;;
;465;;;;;;;;;;;;
;466;;;;;;;;;;;;
;467;;;;;;;;;;;;
;468;;;;;;;;;;;;
;469;;;;;;;;;;;;
;470;;;;;;;;;;;;
;471;;;;;;;;;;;;
;472;;;;;;;;;;;;
;473;;;フェルヤナフィールド;フェルヤナ荒原;;;;;;;;
;474;;;;;;;;;;;;
;475;;;;;;;;;;;;
;476;;;;;;;;;;;;
;477;;;;;;;;;;;;
;478;;;;;;;;;;;;
;479;;;湖畔の洞窟;ラスニテ山麓;;;;;;;;
;480;;;;;;;;;;;;
アッカ―シェラン;481;;;秘泉への暗道;フェルヤナ荒原;;;;;;;;
アッカ―シェラン;481;;;秘泉への暗道　深層部;フェルヤナ荒原;秘泉への暗道内;;;;;;;
;482;;;秘泉の間;フェルヤナ荒原;秘泉への暗道　深層部内　最奥扱い;;;;;;;
;483;;;;;;;;;;;;
;484;;;;;;;;;;;;
;485;;;;;;;;;;;;
;486;;;;;;;;;;;;
;487;;;;;;;;;;;;
アッカ―シェラン;488;;;メガド王宮層・王宮層玉座;メガド居住区;白竜黒騎士;;;;;;;
アッカ―シェラン;489;;;メガド離宮;メガド居住区;(0~20);;;;;;;
;490;;;;;;;;;;;;
;491;;;;;;;;;;;;
;492;;;;;;;;;;;;
アッカ―シェラン;493;;;ラスニテ地下水路;ラスニテ山麗;;;;;;;;
アッカ―シェラン;493;;;ラスニテ地下水路　通路;ラスニテ山麗;ラスニテ地下水路内;;;;;;;
アッカ―シェラン;494;;;水源へ続く地下道;ラスニテ山麗;ラスニテ地下水路　通路奥;奥の敵倒すと扉開いた;;;;;;
;495;;;冥府下りの洞穴;ラスニテ山麓;;;;;;;;
アッカ―シェラン;496;;;イミズディット遺跡;ラスニテ山麓;;;;;;;;
;496;;;イミズディット遺跡　深層部;ラスニテ山麓;;;;;;;;
;497;;;ウルタ古い水路;ラスニテ山麓;;;;;;;;
;498;;;ラスニテ納骨廟;ラスニテ山麓;;鍵あかない;;;;;;
アッカ―シェラン;499;;;劫炎の祠堂;フェルヤナ荒原;;;;;;;;
アッカ―シェラン;499;;;劫炎の祠堂　脇道;フェルヤナ荒原;劫炎の祠堂内;;;;;;;
;500;;;;;;;;;;;;
;501;;;安息なき地下水道;フェルヤナ荒原;;最奥敵不在;;;;;;
;502;;;いつわりの遺構;フェルヤナ荒原;;;;;;;;
;503;;;;;;;;;;;;
;504;;;メガド上水網;メガド居住区;;;;;;;;
;505;;;;;;;;;;;;
;506;;;戦練の社;フェルヤナ荒原;;鍵あかない;;;;;;
;507;;;;;;;;;;;;
;508;;;;;;;;;;;;
;509;;;悼まれぬ者の葬室;ウルテカ山岳;;;;;;;;
;510;;;;;;;;;;;;
;511;;;;;;;;;;;;
;512;;;;;;;;;;;;
;513;;;;;;;;;;;;
;514;;;;;;;;;;;;
;515;;;;;;;;;;;;
アッカ―シェラン;516;;;王家の隠れ道;フェルヤナ荒原;展望城中層;;;;;;;
アッカ―シェラン;516;;;王家の隠れ道　聖堂;フェルヤナ荒原;展望城中層　王家の隠れ道内;;;;;;;
アッカ―シェラン;516;;;王家の隠れ道　宝物庫;フェルヤナ荒原;展望城中層　王家の隠れ道内;;;;;;;
アッカ―シェラン;516;;;王家の隠れ道　書庫;フェルヤナ荒原;展望城中層　王家の隠れ道内;;;;;;;
アッカ―シェラン;517;;;メガド回廊;メガド居住区;0.1.2.50.53.56.59.62.63.65.68.71.77.80.83.86.89.92.95;;;;;;;
アッカ―シェラン;518;;;メガド大聖堂;メガド居住区;1.2.8.11.14.17.32.33.35;;;;;;;
;519;;;;;;;;;;;;
;520;;;;;;;;;;;;
;521;;;;;;;;;;;;
;522;;;;;;;;;;;;
;523;;;;;;;;;;;;
;524;;;;;;;;;;;;
;525;;;;;;;;;;;;
;526;;;;;;;;;;;;
;527;;;;;;;;;;;;
;528;;;;;;;;;;;;
;529;;;;;;;;;;;;
;530;;;;;;;;;;;;
;531;;;;;;;;;;;;
;532;;;;;;;;;;;;
;533;;;;;;;;;;;;
;534;;;;;;;;;;;;
;535;;;;;;;;;;;;
;536;;;;;;;;;;;;
;537;;;;;;;;;;;;
;538;;;;;;;;;;;;
;539;;;;;;;;;;;;
;540;;;;;;;;;;;;
;541;;;;;;;;;;;;
;542;;;;;;;;;;;;
;543;;;;;;;;;;;;
;544;;;;;;;;;;;;
;545;;;;;;;;;;;;
;546;;;;;;;;;;;;
;547;;;;;;;;;;;;
;548;;;;;;;;;;;;
;549;;;;;;;;;;;;
;550;;;;;;;;;;;;
;551;;;;;;;;;;;;
;552;;;;;;;;;;;;
;553;;;;;;;;;;;;
;554;;;;;;;;;;;;
;555;;;;;;;;;;;;
;556;;;;;;;;;;;;
;557;;;;;;;;;;;;
;558;;;;;;;;;;;;
;559;;;;;;;;;;;;
;560;;;;;;;;;;;;
;561;;;;;;;;;;;;
;562;;;;;;;;;;;;
;563;;;;;;;;;;;;
;564;;;;;;;;;;;;
;565;;;;;;;;;;;;
;566;;;;;;;;;;;;
;567;;;;;;;;;;;;
;568;;;;;;;;;;;;
;569;;;;;;;;;;;;
アッカ―シェラン;570;;;古テキア洞窟;フェルヤナ荒原;;5と9と10(最奥);鍵あかない;;;;;
アッカ―シェラン;570;;;古テキア洞窟　中心部;フェルヤナ荒原;;;;;;;;
;571;;;;;;;;;;;;
;572;;;;;;;;;;;;
;573;;;;;;;;;;;;
;574;;;;;;;;;;;;
;575;;;;;;;;;;;;
;576;;;;;;;;;;;;
;577;;;;;;;;;;;;
;578;;;;;;;;;;;;
;579;;;;;;;;;;;;
;580;;;;;;;;;;;;
;581;;;;;;;;;;;;
アッカ―シェラン;582;;;王家の墓;ウルテカ山岳;1、10;;;;;;;
;583;;;;;;;;;;;;
;584;;;;;;;;;;;;
;585;;;;;;;;;;;;
;586;;;;;;;;;;;;
;587;;;;;;;;;;;;
;588;;;;;;;;;;;;
;589;;;メガドシス古道;メガドシス高地;;;;;;;;
;590;;;メガドへの隠れ水路;メガド居住区;;;;;;;;
;591;;;;;;;;;;;;
魔赤島;592;;;聖遺の塔;魔赤島;;;;;;;;
;593;;;;;;;;;;;;
;594;;;;;;;;;;;;
;595;;;;;;;;;;;;
;596;;;;;;;;;;;;
;597;;;;;;;;;;;;
;598;;;;;;;;;;;;
;599;;;;;;;;;;;;
;600;;;;;;;;;;;;
;601;;;;;;;;;;;;
;602;;;;;;;;;;;;
;603;;;;;;;;;;;;
;604;;;;;;;;;;;;
;605;;;;;;;;;;;;
;606;;;;;;;;;;;;
;607;;;;;;;;;;;;
;608;;;;;;;;;;;;
;609;;;;;;;;;;;;
;610;;;;;;;;;;;;
;611;;;;;;;;;;;;
;612;;;;;;;;;;;;
;613;;;;;;;;;;;;
;614;;;;;;;;;;;;
;615;;;;;;;;;;;;
;616;;;;;;;;;;;;
;617;;;;;;;;;;;;
;618;;;;;;;;;;;;
;619;;;;;;;;;;;;
;620;;;;;;;;;;;;
;621;;;;;;;;;;;;
;622;;;;;;;;;;;;
;623;;;;;;;;;;;;
;624;;;;;;;;;;;;
;625;;;;;;;;;;;;
;626;;;;;;;;;;;;
;627;;;;;;;;;;;;
;628;;;;;;;;;;;;
;629;;;;;;;;;;;;
;630;;;;;;;;;;;;
;631;;;;;;;;;;;;
;632;;;;;;;;;;;;
;633;;;;;;;;;;;;
;634;;;;;;;;;;;;
;635;;;;;;;;;;;;
;636;;;;;;;;;;;;
;637;;;;;;;;;;;;
;638;;;;;;;;;;;;
;639;;;;;;;;;;;;
;640;;;;;;;;;;;;
;641;;;;;;;;;;;;
;642;;;;;;;;;;;;
;643;;;;;;;;;;;;
;644;;;;;;;;;;;;
;645;;;;;;;;;;;;
;646;;;;;;;;;;;;
;647;;;;;;;;;;;;
;648;;;;;;;;;;;;
;649;;;;;;;;;;;;
;650;;;;;;;;;;;;
;;;;;;;;;;;;;
;;;;;;;;;;;;;
;;;;;;;;;;;;;
;;;;;;;;;;;;;
レスタニア;;;;異界の狭間;ミスリウ森林;ポーン卿　ポーン消失時のみしか入れない;2;;;;;;
;;;;;;;;;;;;;
;;;;;;;;;;;;;
;;;;;;;;;;;;;
;;;;;;;;;;;;;
;;;;;;;;;;;;;
;;;;;;;;;;;;;
;;;;;;;;;;;;;
;;;;;;;;;;;;;
;;;;;;;;;;;;;
;;;;;;;;;;;;;
;;;;;;;;;;;;;
;;;;;;;;;;;;;
;;;;;;;;;;;;;
;;;;;;;;;;;;;
;;;;;;;;;;;;;
;;;;;;;;;;;;;
