#stream_file,packet_series_counter,packet_number,packet_time_relative,packet_tcp_stream,packet_header_data,packet_type,decryption_key_milliseconds,decryption_key_depth,decryption_key
ddpkg/stream1-marked.pcapng,0,11759,122.969174000,33,3b6a3f291b00ae615b5bc0131a807c3b,login,2344,261,3jc6R11q__MGmP9YIn7fyiNVQgSUoiBc
ddpkg/stream1-marked.pcapng,1,26573,393.587605000,40,595926b303b7f85afb4a34af1349b7b9,login,,,
ddpkg/stream1-marked.pcapng,0,11868,135.053836000,34,65c784fb6063d0222c1268b144230ac1,game-select,2344,1662,fyPBLkJ_7VIWCesdRJpifi-LMHk08grl
ddpkg/stream1-marked.pcapng,1,26689,430.663675000,41,17813d1f60f7591acee1285dbe15a420,game-select,,,
ddpkg/stream1-marked.pcapng,0,11957,142.954513000,35,261d45383cb8319175feaae062754484,game,2344,2000,gRpO97n7Is7jNvqlXgVl7CCLEbRqUUcS
ddpkg/stream1-marked.pcapng,1,26777,441.102591000,42,1596f384d8f45d6ed67550e5b35b40d4,game,,,
ddpkg/stream10-musicplayer-marked.pcapng,0,10915,164.707466000,15,de73499586559f5cf072b1ee99da95b2,login,,,
ddpkg/stream10-musicplayer-marked.pcapng,1,10051,85.948437000,7,119fa9d7b964b0fd8e86608082bdc0f7,login,28382,522,8MS8KEEkeiAFN1dc5Tb93YZg5zSJ7Byr
ddpkg/stream10-musicplayer-marked.pcapng,0,11024,171.872488000,16,03dbeb3386f2116c945e3041cddd6efb,game-select,,,
ddpkg/stream10-musicplayer-marked.pcapng,1,10162,99.899206000,8,22d94955140f5a80e6c9cd63379bfe01,game-select,28382,1912,c19_h_FyzdHpBCQYNqjR1qRlZQ0a07Jz
ddpkg/stream10-musicplayer-marked.pcapng,0,11140,188.706395000,17,6497597b854b03f696acffc095ee6400,game,,,
ddpkg/stream10-musicplayer-marked.pcapng,1,10273,108.939310000,9,6a476b9b193f86f32a51f55312e31bd5,game,28382,2260,7HLnDzp-_-lXFQrjMsFneRb372JJkuOC
ddpkg/stream11-world-change-marked.pcapng,0,14,1.386914000,1,4a98250301b42ee5dcda1b75646c32b5,login,,,
ddpkg/stream11-world-change-marked.pcapng,1,1322,88.860465000,5,6a73a72616c77a9a0effab1180108795,login,,,
ddpkg/stream11-world-change-marked.pcapng,0,123,11.779612000,2,54a8abf841cbe48df81e66b8385fe779,game-select,,,
ddpkg/stream11-world-change-marked.pcapng,1,1429,98.071219000,6,d43a76db62ecc63f6794d8627344e89c,game-select,,,
ddpkg/stream11-world-change-marked.pcapng,2,1541,109.604942000,7,4b4e0f764ef82f7756ef8e98dfa041f4,game-select,,,
ddpkg/stream11-world-change-marked.pcapng,0,3137,259.861095000,12,3843129c2dbe14886b20d48bb4813b41,game,,,
ddpkg/stream11-world-change-marked.pcapng,1,234,18.847027000,3,cd93fe7d59e622f90bbbe6ed62439ca7,game,,,
ddpkg/stream12-marked.pcapng,0,22,1.852403000,1,32e1ec0c2845e0a1892e0eb6f7ed8f45,login,,,
ddpkg/stream12-marked.pcapng,1,1515,78.421127000,9,f360191e4b5eb0baa0fa0fac083a81df,login,,,
ddpkg/stream12-marked.pcapng,0,1621,87.798692000,10,d2beb09c3d3a33bdcb1c2a6c55d60bb6,game-select,,,
ddpkg/stream12-marked.pcapng,1,131,12.069528000,2,e0b56f09d54db1b843ae5d6e0a1d70e5,game-select,,,
ddpkg/stream12-marked.pcapng,0,1731,96.434338000,11,558ebf30bc9b165a5eb2b6a8812a38b8,game,,,
ddpkg/stream12-marked.pcapng,1,244,19.803186000,3,e21d7f18d36d27561396af5da7efd30e,game,,,
ddpkg/stream13-charcreation-marked.pcapng,0,39478,3627.390624000,112,e7b146e1ef3c6d59c9a8959bff60bb1f,login,,,
ddpkg/stream13-charcreation-marked.pcapng,1,11145,93.334769000,29,af192a98535d0d5cb2dcfc6aff415104,login,2344,237,Vp1QAhucAorAttbmeBc7FiHI3jc6R11q
ddpkg/stream13-charcreation-marked.pcapng,2,12476,175.375552000,33,fdb5bd9ca85262218760b7958f171019,login,,,
ddpkg/stream13-charcreation-marked.pcapng,3,14848,411.375877000,45,bbbc4b6a40a1cd6bb5c26fd0c66a850f,login,,,
ddpkg/stream13-charcreation-marked.pcapng,0,39585,3635.884842000,113,713039c2e6e31034d3d1df59b84e9756,game-select,,,
ddpkg/stream13-charcreation-marked.pcapng,1,11257,103.801139000,30,3e35163b456b1573dbd6ae25c5513d1d,game-select,2344,1586,HUOp3tIWjv_2qY53FJY7jC6Hfb_zGcR2
ddpkg/stream13-charcreation-marked.pcapng,2,12587,181.806253000,34,2273c58f0c47110f95d02f37658fd86c,game-select,,,
ddpkg/stream13-charcreation-marked.pcapng,3,17815,1516.663090000,47,6ee4b69514a76df7142ea52058a18de8,game-select,,,
ddpkg/stream13-charcreation-marked.pcapng,0,39695,3644.918503000,114,b6d6c270cd131ae9e652cd32eee0a052,game,,,
ddpkg/stream13-charcreation-marked.pcapng,1,11368,111.903740000,31,5a51a55f7de699972c540d947153c439,game,2344,1924,8cLEnMYDoYzY7rADlaDvCU7m64XOaD-o
ddpkg/stream13-charcreation-marked.pcapng,2,12697,191.208861000,35,78df1e4e278e77a5523133a2819c04f3,game,,,
ddpkg/stream14-pawncreation-marked.pcapng,0,22,2.671083000,1,2cb3d24f246d93bd94cc9d25ab8a3a56,login,,,
ddpkg/stream14-pawncreation-marked.pcapng,1,6341,277.959658000,19,9ac2faa23599e469abc1ab830d215170,login,,,
ddpkg/stream14-pawncreation-marked.pcapng,2,1228,75.517919000,6,2512eb6b2e2e9c04c70674f814085465,login,,,
ddpkg/stream14-pawncreation-marked.pcapng,0,131,14.427870000,2,4f463e43f69e8d12d926d9c0b5ec97c8,game-select,,,
ddpkg/stream14-pawncreation-marked.pcapng,1,6454,299.207695000,20,56d9bb2f2e8a9d99d4fe5bcc0a966ea3,game-select,,,
ddpkg/stream14-pawncreation-marked.pcapng,2,1335,83.171605000,7,dbbe9772bfb550e8d5710266981970e1,game-select,,,
ddpkg/stream14-pawncreation-marked.pcapng,0,6565,308.108559000,21,b527efac4e0ccdff19a235094ef43b15,game,,,
ddpkg/stream14-pawncreation-marked.pcapng,1,242,22.364484000,3,1b331421b70bfd3ea6ff996c77ed63c2,game,,,
ddpkg/stream14-pawncreation-marked.pcapng,2,1444,91.706646000,8,d2b8776998f50be5bd9cc163fdbbed73,game,,,
ddpkg/stream15-bbm-halfassed-marked.pcapng,0,22,1.834999000,1,0cb7ddfa30a1855350d18aed980f9000,login,,,
ddpkg/stream15-bbm-halfassed-marked.pcapng,1,3389,187.730775000,13,3bf51f42f5da6b6bf66ecc6cb27cfcf8,login,,,
ddpkg/stream15-bbm-halfassed-marked.pcapng,2,1764,89.233610000,9,b5f7f72fd422e10573d7bfea0f304887,login,,,
ddpkg/stream15-bbm-halfassed-marked.pcapng,0,1876,99.947028000,10,a3b5452c83153c1e585ebce204d916c6,game-select,,,
ddpkg/stream15-bbm-halfassed-marked.pcapng,1,3497,197.876278000,14,d40b2a2eec0b33c4afe398ac78cd7bd2,game-select,,,
ddpkg/stream15-bbm-halfassed-marked.pcapng,2,132,16.906345000,2,356979b3824e586ca5848c4b5d91fa3a,game-select,,,
ddpkg/stream15-bbm-halfassed-marked.pcapng,0,1986,107.815349000,11,c2ed271f12297782c9fd18bdb9aa5d56,game,,,
ddpkg/stream15-bbm-halfassed-marked.pcapng,1,3609,206.912274000,15,263438a473fb0799ba73bb095e9f95e2,game,,,
ddpkg/stream15-bbm-halfassed-marked.pcapng,2,6493,492.257889000,24,f1a6f86d4024503b1bd56f1ee7bee0d8,game,,,
ddpkg/stream15-bbm-halfassed-marked.pcapng,3,243,24.117807000,3,62dda1e5812098d980b8ac921a153726,game,,,
ddpkg/stream16-cleancreation-marked.pcapng,0,19,2.102245000,1,7c816029e153c304714deffd9fdfd4a8,login,,,
ddpkg/stream16-cleancreation-marked.pcapng,0,127,14.044541000,2,5e60edd0bfd745f472c54ccc80699d20,game-select,,,
ddpkg/stream16-cleancreation-marked.pcapng,0,241,26.976913000,3,9fa9cc6ff55ba0bb2aec32c538a3b488,game,,,
ddpkg/stream17-largedelivery-marked.pcapng,0,7,0.469651000,0,0baabb304d7158ecc7ccf97cb8e12e76,login,,,
ddpkg/stream17-largedelivery-marked.pcapng,1,7035,634.831474000,20,6e0fe9b3f32b91c34c28390f39a57090,login,,,
ddpkg/stream17-largedelivery-marked.pcapng,2,1207,77.076749000,8,4d2c529be3cba308f50dc347aae3ec68,login,,,
ddpkg/stream17-largedelivery-marked.pcapng,0,116,11.319545000,1,b3f6e87413b022e7c73543b89a1d3160,game-select,,,
ddpkg/stream17-largedelivery-marked.pcapng,1,7142,644.300479000,21,181a51cf8aebe937576d306999e86904,game-select,,,
ddpkg/stream17-largedelivery-marked.pcapng,2,1313,86.045864000,9,e4bcbb22803b6709d829a9264271fa19,game-select,,,
ddpkg/stream17-largedelivery-marked.pcapng,0,1423,95.014330000,10,b169c251411199f1ea4814de85da3ccb,game,,,
ddpkg/stream17-largedelivery-marked.pcapng,1,227,19.068941000,2,2c0569a600f0e99686d45f409776c619,game,,,
ddpkg/stream17-largedelivery-marked.pcapng,2,7252,651.633795000,22,c16c2b27105173e2c9b2eedd07aaf65a,game,,,
ddpkg/stream18-rankup-2ndpawn-marked.pcapng,0,911,65.889037000,10,9c7156cbde67270537215abcf33067de,login,,,
ddpkg/stream18-rankup-2ndpawn-marked.pcapng,1,31,3.543144000,2,c3a4006326e0cebde6625db685259f0d,login,,,
ddpkg/stream18-rankup-2ndpawn-marked.pcapng,2,2682,269.106791000,22,3f551ccbe8cb69f1b3afac199ffdb317,login,,,
ddpkg/stream18-rankup-2ndpawn-marked.pcapng,0,1020,75.847940000,11,f9f9c6227b398397e05c8ff3347152c4,game-select,,,
ddpkg/stream18-rankup-2ndpawn-marked.pcapng,1,2795,299.307189000,23,61066f9f68be168a948267d54a5ac7a9,game-select,,,
ddpkg/stream18-rankup-2ndpawn-marked.pcapng,2,141,14.073707000,3,16fc8c10fccc6c8e8f13cb28043e3454,game-select,,,
ddpkg/stream18-rankup-2ndpawn-marked.pcapng,0,1131,85.051350000,12,2fe30d12850a32f42276cffabc40ab01,game,,,
ddpkg/stream18-rankup-2ndpawn-marked.pcapng,1,2908,307.030109000,24,38a2475fe0c6e7506ce803531cb2d83a,game,,,
ddpkg/stream18-rankup-2ndpawn-marked.pcapng,2,252,21.708668000,4,1d612b6695dd0514fdb44d912644e07e,game,,,
ddpkg/stream19-smnbell-mandragona-hsunlock-marked.pcapng,0,22,3.910860000,1,96c8b8c22c2303d45170abda171ad757,login,,,
ddpkg/stream19-smnbell-mandragona-hsunlock-marked.pcapng,1,3331,306.992310000,34,1945ed8f7b860712d988e9d0d66b1768,login,,,
ddpkg/stream19-smnbell-mandragona-hsunlock-marked.pcapng,2,4453,370.746882000,42,7c36305cd5e626ce28d6c03990d8fe10,login,,,
ddpkg/stream19-smnbell-mandragona-hsunlock-marked.pcapng,0,133,12.094258000,2,75ba14fd8468b133f9293a32d92951ee,game-select,,,
ddpkg/stream19-smnbell-mandragona-hsunlock-marked.pcapng,1,3438,317.132397000,35,a24a4b0e8bebeb3a667604f0e973da88,game-select,,,
ddpkg/stream19-smnbell-mandragona-hsunlock-marked.pcapng,2,4562,381.118209000,43,6bcfb603aeb3ff4612dae3c75cd74084,game-select,,,
ddpkg/stream19-smnbell-mandragona-hsunlock-marked.pcapng,0,244,21.029676000,3,26da06994680469a6f5e2f77441f7b31,game,,,
ddpkg/stream19-smnbell-mandragona-hsunlock-marked.pcapng,1,3551,324.833892000,36,6dd22516f3aa6b3d2a7eabe96080fa64,game,,,
ddpkg/stream19-smnbell-mandragona-hsunlock-marked.pcapng,2,4674,389.251811000,44,1c597f0e49e3385f2c22008abc8759cd,game,,,
ddpkg/stream20-bloodorbs-grantrequest-marked.pcapng,0,12010,86.619122000,45,d374df2292070f592fb4d2f45420ab73,login,2301,235,XDm-oEAv2rQPtBxECHl97__W5KVOr1sN
ddpkg/stream20-bloodorbs-grantrequest-marked.pcapng,1,13053,153.641742000,53,d525b78fdd1939e0da75b0de51c53315,login,,,
ddpkg/stream20-bloodorbs-grantrequest-marked.pcapng,2,24381,939.665929000,75,ab334a91a1763ca5646a0e26256da612,login,,,
ddpkg/stream20-bloodorbs-grantrequest-marked.pcapng,0,12119,98.800562000,46,7c43eef96a85980141c32517119bf1b0,game-select,2301,1598,ywFMPIK_sr40OnYJ0X952lcn1WPl-e8T
ddpkg/stream20-bloodorbs-grantrequest-marked.pcapng,1,13159,161.708708000,54,6fdf6ec2eeac87711b91be08d6e3eb3e,game-select,,,
ddpkg/stream20-bloodorbs-grantrequest-marked.pcapng,2,24488,948.026295000,76,e7ac81729aae27431a7d7fa049ddaa5f,game-select,,,
ddpkg/stream20-bloodorbs-grantrequest-marked.pcapng,0,12230,107.069832000,47,0e17c54fe0279a30b078a3ba93cf0031,game,2301,1942,_vHY0zfLNfNeR39GPL3m44oVOvSt4Aqi
ddpkg/stream20-bloodorbs-grantrequest-marked.pcapng,1,13270,170.864710000,55,49a3caf6f9cfbf79d676cc338662e343,game,,,
ddpkg/stream20-bloodorbs-grantrequest-marked.pcapng,2,24598,955.794737000,77,fd9e1a17abda4f421991c7c63be1f9dc,game,,,
ddpkg/stream21-failedlogin-marked.pcapng,0,7,0.468789000,0,b11166467195e361c9eb4add543326e7,login,,,
ddpkg/stream21-failedlogin-marked.pcapng,1,12003,274.632548000,46,9ed8be671da68724e2c1e88448b44f69,login,2358,546,9-oQqKGMkycfxTBON3uiDA7EaB7Ozd3c
ddpkg/stream21-failedlogin-marked.pcapng,2,13832,462.140325000,62,253d82a325c83ab3c84cb9327beb4281,login,,,
ddpkg/stream21-failedlogin-marked.pcapng,3,14538,536.090554000,66,cab91103d9e873fbb697e43c7b01a47c,login,,,
ddpkg/stream21-failedlogin-marked.pcapng,4,42613,2566.084124000,89,671719bd8a21f52549df4cc9efeb3c33,login,,,
ddpkg/stream21-failedlogin-marked.pcapng,5,43497,2626.101646000,96,57c5de379149ae9b9981c7a70cbb576f,login,,,
ddpkg/stream21-failedlogin-marked.pcapng,0,12110,283.924994000,47,db61a024ea5534238f885ffbe7016766,game-select,2358,1716,UpcBd6XUHUcxbSSpwbqJDeiUE9A1rR2-
ddpkg/stream21-failedlogin-marked.pcapng,1,13940,471.878810000,63,ae107a8842c724afb3c8e01e7875b1b9,game-select,,,
ddpkg/stream21-failedlogin-marked.pcapng,2,14650,554.981669000,67,42b812c4cc46c754c4e340f81382d56c,game-select,,,
ddpkg/stream21-failedlogin-marked.pcapng,3,42723,2577.035384000,90,298e7c20c2dd6b6c975d4be9bf1874e0,game-select,,,
ddpkg/stream21-failedlogin-marked.pcapng,4,43604,2632.991292000,97,b32a913c704bc8cd84f7737f23d59b61,game-select,,,
ddpkg/stream21-failedlogin-marked.pcapng,0,12221,292.892680000,48,4d6f47edbde200ffcc46b65d5840d2f9,game,2358,2068,RcxtM29Bf-blLPmWpSH-knLb55WJbug_
ddpkg/stream21-failedlogin-marked.pcapng,1,14050,479.713353000,64,88cb3abc085056ee2d6b1e76b3fb24d4,game,,,
ddpkg/stream21-failedlogin-marked.pcapng,2,14760,562.928386000,68,c65b7948381a3b10185d82ef35041f3a,game,,,
ddpkg/stream21-failedlogin-marked.pcapng,3,42833,2584.505780000,91,2a01b9bc6c749af07cba4d6db79d4b7e,game,,,
ddpkg/stream21-failedlogin-marked.pcapng,4,43715,2643.227787000,98,c8c03068d7650deedb5d7f1be57280d8,game,,,
ddpkg/stream22-dress-unlock-controllerwalk-marked.pcapng,0,22,3.137597000,1,2979c6f33ad74db82b859bdb56a7a1c0,login,,,
ddpkg/stream22-dress-unlock-controllerwalk-marked.pcapng,1,2800,264.031405000,17,c107258ec7fe4149df56f2d3fad80250,login,,,
ddpkg/stream22-dress-unlock-controllerwalk-marked.pcapng,2,1669,202.004075000,9,0b24bea12e39115270cfc2c5b8b355fb,login,,,
ddpkg/stream22-dress-unlock-controllerwalk-marked.pcapng,0,1775,210.509816000,10,3a492de67e13b64e5de88a250f0839ee,game-select,,,
ddpkg/stream22-dress-unlock-controllerwalk-marked.pcapng,1,2907,273.517321000,18,36652beea2ab3b90560cadaf337d4519,game-select,,,
ddpkg/stream22-dress-unlock-controllerwalk-marked.pcapng,2,129,12.509591000,2,a6ab0d096c44938633f001691292a261,game-select,,,
ddpkg/stream22-dress-unlock-controllerwalk-marked.pcapng,0,1885,217.743306000,11,cb604fd3acb32c4e4a14bef0a230a9bf,game,,,
ddpkg/stream22-dress-unlock-controllerwalk-marked.pcapng,1,3017,281.053019000,19,def70b07a24a9e482d642f3120fbef91,game,,,
ddpkg/stream22-dress-unlock-controllerwalk-marked.pcapng,2,240,21.944139000,3,0431bb3d6633aabd45c8cd7a2a19ca00,game,,,
ddpkg/stream23-passportshop-orbtree3unlock-marked.pcapng,0,22,3.333894000,1,7a41b5fbd00b49742efc70d77ca39a6b,login,,,
ddpkg/stream23-passportshop-orbtree3unlock-marked.pcapng,1,297669,28874.820831000,113,97d7614f613bc4a1ef11bca40f4d65eb,login,,,
ddpkg/stream23-passportshop-orbtree3unlock-marked.pcapng,2,301077,29046.041311000,126,02876763fabfe08170d4544ec6fb7bab,login,,,
ddpkg/stream23-passportshop-orbtree3unlock-marked.pcapng,3,8918,571.609405000,45,727e4918482ada8526a836856c92a814,login,,,
ddpkg/stream23-passportshop-orbtree3unlock-marked.pcapng,4,1140,78.543732000,9,3eb426fb603bd8790e3605c13ac073bc,login,,,
ddpkg/stream23-passportshop-orbtree3unlock-marked.pcapng,0,1247,87.811601000,10,12f4a7453abb857185c8477eb1490eaf,game-select,,,
ddpkg/stream23-passportshop-orbtree3unlock-marked.pcapng,1,250072,23652.934543000,103,8bed6aafb3da668687848fce7471ce9b,game-select,,,
ddpkg/stream23-passportshop-orbtree3unlock-marked.pcapng,2,297778,28881.715442000,114,9e44c6d19d4893a4c32d4478c8d35793,game-select,,,
ddpkg/stream23-passportshop-orbtree3unlock-marked.pcapng,3,301190,29056.723405000,127,a0411d0639d3de95ff69d1df54396e97,game-select,,,
ddpkg/stream23-passportshop-orbtree3unlock-marked.pcapng,4,134,20.158385000,2,050a42d8ab627a860fffe784410aaf3e,game-select,,,
ddpkg/stream23-passportshop-orbtree3unlock-marked.pcapng,5,9023,579.807751000,46,bb441bb6054c135b1f87c731b172602f,game-select,,,
ddpkg/stream23-passportshop-orbtree3unlock-marked.pcapng,0,243063,22923.996389000,100,0ca4a6c34626e07709f39e5f39c9e435,game,,,
ddpkg/stream23-passportshop-orbtree3unlock-marked.pcapng,1,250184,23665.106690000,104,673cf9c9e8096a1ffea0d20949773b1a,game,,,
ddpkg/stream23-passportshop-orbtree3unlock-marked.pcapng,2,1357,97.245081000,11,38b305476982311805f347308265bf98,game,,,
ddpkg/stream23-passportshop-orbtree3unlock-marked.pcapng,3,297889,28890.047019000,115,648123107f14f827a9856140fb69129e,game,,,
ddpkg/stream23-passportshop-orbtree3unlock-marked.pcapng,4,301300,29063.889571000,128,a8dd7189b62b55d10f3b365ea258a7da,game,,,
ddpkg/stream23-passportshop-orbtree3unlock-marked.pcapng,5,244,29.223678000,3,e74fed0bc9fbef0648e26864129ce688,game,,,
ddpkg/stream23-passportshop-orbtree3unlock-marked.pcapng,6,9132,587.814763000,47,6a2777b3a1a6d91e84fe9dfef0c441ea,game,,,
ddpkg/stream24-marked.pcapng,0,7,0.429344000,0,1e8f2272ecccd9765932988e29a0a243,login,,,
ddpkg/stream24-marked.pcapng,1,3168,272.545469000,14,3cdc975c9919af8a163470b6413cb25a,login,,,
ddpkg/stream24-marked.pcapng,2,1159,87.972482000,7,f94da3d9198ae267895db1deea33926f,login,,,
ddpkg/stream24-marked.pcapng,0,120,13.910551000,1,9e4e3eb3a19510fdffd1d38d55a60ce6,game-select,,,
ddpkg/stream24-marked.pcapng,1,3276,281.007403000,15,616cade15e95636eb999b0b5d33a6ec6,game-select,,,
ddpkg/stream24-marked.pcapng,2,1266,95.998620000,8,92e0df4f1adb4911729b30c34fa33b88,game-select,,,
ddpkg/stream24-marked.pcapng,0,3384,288.300341000,16,bc7fbca0f8c71d95e472016a3ec98c14,game,,,
ddpkg/stream24-marked.pcapng,1,231,22.777750000,2,911fd0d7e8e998facbf25c631227b806,game,,,
ddpkg/stream24-marked.pcapng,2,1378,104.483536000,9,c1c9e16fba45772297780c7b9cec3432,game,,,
ddpkg/stream25-marked.pcapng,0,11996,158.718334000,45,82c3349ed24a8877efd7b88f0873657c,login,31245,281,NKsEw1f8RTgd5k2R3YwW8tzZpsV9U4I5
ddpkg/stream25-marked.pcapng,1,13172,223.835970000,53,02d056d8a1d14bcd2d69c105353ebcf4,login,,,
ddpkg/stream25-marked.pcapng,2,15577,380.912033000,69,0f6163030817617abad63900f1e3526f,login,,,
ddpkg/stream25-marked.pcapng,0,12107,170.404229000,46,48b805597f2de55e8d8042e4e14a6cd7,game-select,31245,1636,IN-UuOR7lqOCgwhFEA9IgW_Jk-9SG_aM
ddpkg/stream25-marked.pcapng,1,13280,231.433303000,54,e35e88a772a5235e7ed9e3b0c5b76288,game-select,,,
ddpkg/stream25-marked.pcapng,2,15685,388.411364000,70,73b9c0dc69366c644d47270b72e41995,game-select,,,
ddpkg/stream25-marked.pcapng,0,12217,178.281227000,47,1b7b58afd39a4387175138d38091d31c,game,31245,1974,tAQHONyo8dzas8bnHoiJveei3OBSvgRd
ddpkg/stream25-marked.pcapng,1,13392,240.373812000,55,faa2b8ae8e3ab51c4314f58d402792d2,game,,,
ddpkg/stream25-marked.pcapng,2,15793,395.492142000,71,40e736c825d1eaad8bd9c071f959ee28,game,,,
ddpkg/stream26-beachevent-timeevent-marked.pcapng,0,11965,115.565486000,42,56f7fea844baac2007f9dc5f9a5386f1,login,4366,257,L_Qmt2ck6qx-1R_LU_tuo2Yh5ywYYD1d
ddpkg/stream26-beachevent-timeevent-marked.pcapng,1,12948,195.757861000,50,b942b1e0eebbf879799cfd9b060f46aa,login,,,
ddpkg/stream26-beachevent-timeevent-marked.pcapng,2,18996,783.708862000,76,053c328b31417ca28b6a6047a2681460,login,,,
ddpkg/stream26-beachevent-timeevent-marked.pcapng,0,12076,132.796142000,43,c8e504bcee20fbec858f881f43a6ab5a,game-select,4366,1686,XxzkR8VoYA-PWzPxmkYbJmBvPL3ZwR47
ddpkg/stream26-beachevent-timeevent-marked.pcapng,1,13058,206.023135000,51,7b511e3652913431c2af83dd86bd6845,game-select,,,
ddpkg/stream26-beachevent-timeevent-marked.pcapng,2,19109,794.377338000,77,4c1364ce13b4fa036b758164d0df7040,game-select,,,
ddpkg/stream26-beachevent-timeevent-marked.pcapng,0,12186,141.228089000,44,029626cf46eb3b6f29295152db3e6a86,game,4366,2036,5PGusmsGsgjzIA3qwtpZ4gOuBcCZ66f4
ddpkg/stream26-beachevent-timeevent-marked.pcapng,1,13173,214.559076000,52,144d33de1620f878caf4e9ef4c4de06d,game,,,
ddpkg/stream26-beachevent-timeevent-marked.pcapng,2,19217,802.977110000,78,4d2a5d1b9e5327e29011bf13932df349,game,,,
ddpkg/stream27-jobtraining-marked.pcapng,0,1086,78.581505000,10,e016298c4831edf2ecd462c1ae00c183,login,,,
ddpkg/stream27-jobtraining-marked.pcapng,1,33,4.341385000,2,77bb245546339e746c546cf24782a148,login,,,
ddpkg/stream27-jobtraining-marked.pcapng,2,2990,245.659119000,26,330184a18532be6f817a73928aaf098b,login,,,
ddpkg/stream27-jobtraining-marked.pcapng,3,82129,7261.096324000,54,260e5a6ae5b92805f6fb8c310e1be29e,login,,,
ddpkg/stream27-jobtraining-marked.pcapng,4,83086,7329.768671000,62,4b571fcc45e5f0a01ce8426603c8ae58,login,,,
ddpkg/stream27-jobtraining-marked.pcapng,0,1194,86.460589000,11,ce088464f8e438ef787680018761bba3,game-select,,,
ddpkg/stream27-jobtraining-marked.pcapng,1,3098,254.631579000,27,167f98e84c5c5510a40454d8fd576abc,game-select,,,
ddpkg/stream27-jobtraining-marked.pcapng,2,146,23.695095000,3,4a31cdf0776ca5f64b973aed42e7eea0,game-select,,,
ddpkg/stream27-jobtraining-marked.pcapng,3,82239,7272.862852000,55,599792089522e9d5f03988a03984b49f,game-select,,,
ddpkg/stream27-jobtraining-marked.pcapng,4,83195,7337.644977000,63,f8e16eaefe29d4bf7df1a25b4c8d87ae,game-select,,,
ddpkg/stream27-jobtraining-marked.pcapng,0,1306,95.235921000,12,bea64ebb2405420c3248f9b81e0a4e96,game,,,
ddpkg/stream27-jobtraining-marked.pcapng,1,3207,262.068592000,28,8337d08028107d7e7fd618e972790674,game,,,
ddpkg/stream27-jobtraining-marked.pcapng,2,256,31.642395000,4,693a03bdd0c7a68f89720b3abbe166cc,game,,,
ddpkg/stream27-jobtraining-marked.pcapng,3,82349,7280.328269000,56,ba326fc79ffa7e79b11815c93cfb673d,game,,,
ddpkg/stream27-jobtraining-marked.pcapng,4,83307,7346.645092000,64,da7b3c8e8957db9c66e65fd7f3790823,game,,,
ddpkg/stream28-pawnrequest-jobtraining-marked.pcapng,0,22,3.159007000,1,1451ad18ad2755301460b147db2d2a9a,login,,,
ddpkg/stream28-pawnrequest-jobtraining-marked.pcapng,1,3388,335.170801000,20,e11e4ca6cd5033e338c1fdac4f4ea55e,login,,,
ddpkg/stream28-pawnrequest-jobtraining-marked.pcapng,2,110837,9449.672213000,56,2fe2c3b823b29ffef2fa4dc2714f9a47,login,,,
ddpkg/stream28-pawnrequest-jobtraining-marked.pcapng,3,111739,9508.603062000,63,0982b2633190f7e46763181cadc3d857,login,,,
ddpkg/stream28-pawnrequest-jobtraining-marked.pcapng,4,952,63.838015000,8,412d24929b2abca53900eb775bfad7c3,login,,,
ddpkg/stream28-pawnrequest-jobtraining-marked.pcapng,0,130,12.496332000,2,77912fe63bde702697d36b5995f25c2c,game-select,,,
ddpkg/stream28-pawnrequest-jobtraining-marked.pcapng,1,3495,344.888380000,21,4d0d402e2384753a0515de2b87b5974a,game-select,,,
ddpkg/stream28-pawnrequest-jobtraining-marked.pcapng,2,110943,9458.548749000,57,83d742ed378c10fbec5b9350743bd530,game-select,,,
ddpkg/stream28-pawnrequest-jobtraining-marked.pcapng,3,111847,9517.499176000,64,0825a4084beab1d70704c22e4232b43f,game-select,,,
ddpkg/stream28-pawnrequest-jobtraining-marked.pcapng,4,1060,71.482125000,9,c4edd9e12dcfc6c535d34872cdafc830,game-select,,,
ddpkg/stream28-pawnrequest-jobtraining-marked.pcapng,0,1172,80.142996000,10,a87992529a91cd9002213883143377d8,game,,,
ddpkg/stream28-pawnrequest-jobtraining-marked.pcapng,1,3604,352.821454000,22,5ae244d71836abcda230996a28bc72a6,game,,,
ddpkg/stream28-pawnrequest-jobtraining-marked.pcapng,2,240,20.335412000,3,0296240809fa3153a768d5308da98ffc,game,,,
ddpkg/stream28-pawnrequest-jobtraining-marked.pcapng,3,111053,9466.849493000,58,cc6598443722ee6eff012e7983b15d93,game,,,
ddpkg/stream28-pawnrequest-jobtraining-marked.pcapng,4,111958,9525.727686000,65,16b43e0d2f3f1bb50946746472800bc5,game,,,
ddpkg/stream29-marked.pcapng,0,22,2.897954000,1,6dc944afce72d3053398c9e543d78400,login,,,
ddpkg/stream29-marked.pcapng,1,841,85.842642000,5,c3f7bab87161fe6bd53efee889d0598f,login,,,
ddpkg/stream29-marked.pcapng,2,2609,418.777037000,9,f582223fafa6db1e963124dc31440157,login,,,
ddpkg/stream29-marked.pcapng,0,2721,430.224727000,10,6170349fae514e2894ecaf951a89920e,game-select,,,
ddpkg/stream29-marked.pcapng,1,135,16.231001000,2,a8be365c0839b9d782f8fbcc20bb7d7a,game-select,,,
ddpkg/stream29-marked.pcapng,2,951,93.012508000,6,ede7c0f16e8a725123ad7a12bd33cce2,game-select,,,
ddpkg/stream29-marked.pcapng,0,2830,437.616007000,11,1f02665386adff84a515ba7618a3fb32,game,,,
ddpkg/stream29-marked.pcapng,1,245,23.940428000,3,b8eb649bb8a6f7da02ae6c29d8fe83bd,game,,,
ddpkg/stream29-marked.pcapng,2,1066,103.848637000,7,3986886bfc9f4ce1ae1e5fb7dde82339,game,,,
ddpkg/stream3-party-experiments-marked.pcapng,0,11970,121.664493000,45,371d3283a0a09d14bb35cbb004e5f707,login,2393,666,Bgun9EAmPhyxYs5z_6B6_ZYOfe1Fzzt4
ddpkg/stream3-party-experiments-marked.pcapng,1,13468,311.256183000,49,793fef1d1a97001bf829288eb8576d10,login,,,
ddpkg/stream3-party-experiments-marked.pcapng,0,12075,130.725276000,46,0bfabe1b0f3d126d98c923dd0a7c2a2d,game-select,2393,1961,NvIY0Jci4iVmqs67Kgnm6XcMvYg03wI4
ddpkg/stream3-party-experiments-marked.pcapng,1,13575,319.589549000,50,e001ff4cfcc6c1db14ab510683b77263,game-select,,,
ddpkg/stream3-party-experiments-marked.pcapng,0,12165,138.704534000,47,0189087745144a6e6c39e52b223a19c9,game,2393,2309,s5-2GHMs5pv_7-K17YW79i8HFKFX9fa6
ddpkg/stream3-party-experiments-marked.pcapng,1,13667,329.923465000,51,9ab53bbfa657d911386715d5be77646f,game,,,
ddpkg/stream3-party-experiments-marked.pcapng,2,25754,1400.250939000,61,3c3c706d4f475ab48c71c39772e57481,game,,,
ddpkg/stream30-bbm-marked.pcapng,0,22,2.654972000,1,c9be829ba82ff9c6562d7dace6271ca5,login,,,
ddpkg/stream30-bbm-marked.pcapng,1,1098,64.770058000,5,e3b855e6f9bb4bd12da1c6fe4435c4ae,login,,,
ddpkg/stream30-bbm-marked.pcapng,2,3622,272.456579000,9,73bacefd538daee7e77b6275abea0f75,login,,,
ddpkg/stream30-bbm-marked.pcapng,0,3729,279.864920000,10,b6ad2a7ecfdee9069bd68c42bc80f4d1,game-select,,,
ddpkg/stream30-bbm-marked.pcapng,1,132,12.553283000,2,7aaa9bd5be355539df0d867538da9ec0,game-select,,,
ddpkg/stream30-bbm-marked.pcapng,2,1207,72.308622000,6,68aae18f646b48fcc526ed753d4c41f5,game-select,,,
ddpkg/stream30-bbm-marked.pcapng,0,3838,287.466307000,11,d24ab14b536289a5311429a6ea364a48,game,,,
ddpkg/stream30-bbm-marked.pcapng,1,244,19.955407000,3,f339ec29953cf28140ab5274ebfe2cdf,game,,,
ddpkg/stream30-bbm-marked.pcapng,2,1318,81.741312000,7,bf912a1a2a9d3b20d9cd7ac7f963f9f9,game,,,
ddpkg/stream31-loginfail-marked.pcapng,0,22,3.208244000,1,c74b6b8e669e5b418964bbdcf3ba5937,login,,,
ddpkg/stream31-loginfail-marked.pcapng,1,9961,161.440461000,11,7368c5a09f87d765d2dfc909c1031a5d,login,4062,1069,nekb8xlr80ClRHpteRPdnj1JMO78FyCz
ddpkg/stream31-loginfail-marked.pcapng,2,10766,225.713864000,15,ab5abdd6f7c9f72958bb7a8225f09b4d,login,,,
ddpkg/stream31-loginfail-marked.pcapng,3,12477,483.651915000,19,2303e8b0038584cf6c76289be88bb0f1,login,,,
ddpkg/stream31-loginfail-marked.pcapng,0,10072,173.586713000,12,882e2cfdfda4b26367139fb81ad56dd7,game-select,4062,2515,sPlJAPKQTasMqAcVPLud_aAr0fs7UBNH
ddpkg/stream31-loginfail-marked.pcapng,1,10874,233.842056000,16,31672f9a352090d9e7a1af78d4e9f600,game-select,,,
ddpkg/stream31-loginfail-marked.pcapng,2,12585,492.844955000,20,2a5e135716dbd5105da256cec8194ccd,game-select,,,
ddpkg/stream31-loginfail-marked.pcapng,0,10183,181.920573000,13,4369cebe466dbaf151c4c0af1481fcef,game,4062,2857,_9Ruwg19lW72tusBWjNBmm2ZzwNCC_dV
ddpkg/stream31-loginfail-marked.pcapng,1,10986,243.007558000,17,8bd49504fd89c6342b72ab315abf11cc,game,,,
ddpkg/stream31-loginfail-marked.pcapng,2,12693,500.680597000,21,5a6af86cc1aaf9f03f7f3390dc5d54f3,game,,,
ddpkg/stream32-marked.pcapng,0,22,2.375709000,1,abe9794da1629a530169b99a2936e151,login,,,
ddpkg/stream32-marked.pcapng,1,812,66.932918000,5,208072922a6ae707c5ea96308e423e3e,login,,,
ddpkg/stream32-marked.pcapng,2,3006,322.254638000,9,a85796bf68b5d090aeac558ab258dc07,login,,,
ddpkg/stream32-marked.pcapng,0,3113,331.581336000,10,035df4f68867f935094781751a9a48cb,game-select,,,
ddpkg/stream32-marked.pcapng,1,132,13.574271000,2,08886b67de7d2ba4baee3e22cebbf9fc,game-select,,,
ddpkg/stream32-marked.pcapng,2,921,74.558058000,6,40c6692715c93b0db928d4a533d9dbba,game-select,,,
ddpkg/stream32-marked.pcapng,0,3221,339.385513000,11,6bb95e6ffd0f61b1f1c909aeecd7de76,game,,,
ddpkg/stream32-marked.pcapng,1,243,21.025369000,3,fbfacf315883cf0e4dd2108183201d10,game,,,
ddpkg/stream32-marked.pcapng,2,1033,83.793183000,7,1dcd78d40e23ab13e8888b4531e47e99,game,,,
ddpkg/stream33-custommade-marked.pcapng,0,22,2.742400000,1,b9f819c106ee8d42b9c94bee42cd68f3,login,,,
ddpkg/stream33-custommade-marked.pcapng,1,846,64.124421000,5,d24faf405294d3fd5c0e850710ac262d,login,,,
ddpkg/stream33-custommade-marked.pcapng,2,2255,241.035073000,9,ebf0f4512313a1171cd7623f146ffbf5,login,,,
ddpkg/stream33-custommade-marked.pcapng,0,2367,257.235112000,10,15cf7f693a04a517c931032339aadf97,game-select,,,
ddpkg/stream33-custommade-marked.pcapng,1,130,11.012233000,2,4b8fcf42f27c21142796e5a5941ed695,game-select,,,
ddpkg/stream33-custommade-marked.pcapng,2,954,73.960779000,6,8b0484e69e9a21f919782d52d5cc5ec2,game-select,,,
ddpkg/stream33-custommade-marked.pcapng,0,2477,264.208779000,11,7fb8982d24be13210ddf11012d823909,game,,,
ddpkg/stream33-custommade-marked.pcapng,1,241,18.667003000,3,c894382db8672789532fe76c9877d9c2,game,,,
ddpkg/stream33-custommade-marked.pcapng,2,1068,83.029243000,7,4f55eaeb7cc0a128e5be464048826f2a,game,,,
ddpkg/stream34-skillaugmentunlock-emblemstone-gg-augment-marked.pcapng,0,2507,365.441097000,10,d6d5383897167b6e47b9a32a541b1d4b,login,,,
ddpkg/stream34-skillaugmentunlock-emblemstone-gg-augment-marked.pcapng,1,64846,7918.358473000,14,a5f936d79716cc12903e5d94349e0cb1,login,,,
ddpkg/stream34-skillaugmentunlock-emblemstone-gg-augment-marked.pcapng,2,67613,8272.490619000,18,9fc0d4b6f40790cc922c054919100531,login,,,
ddpkg/stream34-skillaugmentunlock-emblemstone-gg-augment-marked.pcapng,3,31,3.410660000,2,a5908d728c81f9f64a9f21eefadc3efb,login,,,
ddpkg/stream34-skillaugmentunlock-emblemstone-gg-augment-marked.pcapng,4,68385,8329.387028000,21,dfe4deef9d5e520a05f48d9b8d01ce02,login,,,
ddpkg/stream34-skillaugmentunlock-emblemstone-gg-augment-marked.pcapng,5,747,69.429129000,6,69bd32c81264238b164fa7e145be9980,login,,,
ddpkg/stream34-skillaugmentunlock-emblemstone-gg-augment-marked.pcapng,0,2616,376.846525000,11,ab53aabc68b55c5f500492e29ed7f688,game-select,,,
ddpkg/stream34-skillaugmentunlock-emblemstone-gg-augment-marked.pcapng,1,64954,7926.989549000,15,b6476033aa8f1eec9c74cfd2c89400f5,game-select,,,
ddpkg/stream34-skillaugmentunlock-emblemstone-gg-augment-marked.pcapng,2,67721,8279.647497000,19,0e0fcb64b57cc3924ea96ddd1b8c7ff8,game-select,,,
ddpkg/stream34-skillaugmentunlock-emblemstone-gg-augment-marked.pcapng,3,68493,8337.622641000,22,d26e497cecf435aca3e898068ae0ff13,game-select,,,
ddpkg/stream34-skillaugmentunlock-emblemstone-gg-augment-marked.pcapng,4,139,11.561424000,3,9dc98043c196c0f4ac68868d61467dfc,game-select,,,
ddpkg/stream34-skillaugmentunlock-emblemstone-gg-augment-marked.pcapng,5,857,79.556039000,7,2cc64bc2191ec38eb3a678ebb5b53a56,game-select,,,
ddpkg/stream34-skillaugmentunlock-emblemstone-gg-augment-marked.pcapng,0,2726,385.070630000,12,dfce3f33ef0447f34a5dc989f056da17,game,,,
ddpkg/stream34-skillaugmentunlock-emblemstone-gg-augment-marked.pcapng,1,65066,7935.025304000,16,30a4d8839f86c576565e24589fd2c6cf,game,,,
ddpkg/stream34-skillaugmentunlock-emblemstone-gg-augment-marked.pcapng,2,67830,8286.526361000,20,5e51652cee44f602a888ae872785cd12,game,,,
ddpkg/stream34-skillaugmentunlock-emblemstone-gg-augment-marked.pcapng,3,68603,8345.455953000,23,3be4d55ce73a18f7624f7d51f02766d2,game,,,
ddpkg/stream34-skillaugmentunlock-emblemstone-gg-augment-marked.pcapng,4,250,19.395463000,4,06acc340be36f351f6f173ab6ade99ba,game,,,
ddpkg/stream34-skillaugmentunlock-emblemstone-gg-augment-marked.pcapng,5,974,87.192156000,8,d60f280d63201d57e606b9798682722d,game,,,
ddpkg/stream35-marked.pcapng,0,22,2.881481000,1,80ffa45082e6a880d4ffc81bff86fef3,login,,,
ddpkg/stream35-marked.pcapng,1,828,64.243579000,5,332d381685d12d03a9a5fa0fa0badb21,login,,,
ddpkg/stream35-marked.pcapng,2,2222,226.988425000,9,52c91cc2bc02f195e052c09f927dd6bc,login,,,
ddpkg/stream35-marked.pcapng,0,2332,234.875461000,10,b4aa02893053a3f2b4f43011ec0377e1,game-select,,,
ddpkg/stream35-marked.pcapng,1,132,12.875299000,2,42bcc199a65444a8db30f87b382aeb70,game-select,,,
ddpkg/stream35-marked.pcapng,2,935,71.851471000,6,c388c0a1a36fdbe32dcbeb62c83ee09c,game-select,,,
ddpkg/stream35-marked.pcapng,0,2442,242.117776000,11,c7185df6fac537f1c55ae6bf0a90c147,game,,,
ddpkg/stream35-marked.pcapng,1,246,20.909929000,3,0be8c4861d2454b04b6668eb2c008802,game,,,
ddpkg/stream35-marked.pcapng,2,1047,79.986120000,7,b30c4180479a2c02950533ca517b8960,game,,,
ddpkg/stream36-emblemstone-marked.pcapng,0,22,2.815109000,1,54cc9177979566307fac3b6def7eb65d,login,,,
ddpkg/stream36-emblemstone-marked.pcapng,1,17927,2232.034204000,10,fb255600b82cc578bcdb2d86f6915b19,login,,,
ddpkg/stream36-emblemstone-marked.pcapng,2,18639,2290.323567000,13,a2833f32ab7021e9c4f909ad33a2e657,login,,,
ddpkg/stream36-emblemstone-marked.pcapng,3,705,61.401595000,4,7c367933d16ce10a7fd72edaba94456f,login,,,
ddpkg/stream36-emblemstone-marked.pcapng,4,2104,249.421002000,7,b112fb7decdbcbd8ce63fc11feef4e30,login,,,
ddpkg/stream36-emblemstone-marked.pcapng,0,18037,2239.127975000,11,3fe748e3752d7f85ef37313f6ab4725e,game-select,,,
ddpkg/stream36-emblemstone-marked.pcapng,1,18747,2298.913224000,14,237f69b1371aac0a21f3df43fb006281,game-select,,,
ddpkg/stream36-emblemstone-marked.pcapng,2,130,12.108553000,2,698fa423513ca5ed34200e5d343d07c7,game-select,,,
ddpkg/stream36-emblemstone-marked.pcapng,3,812,70.086183000,5,cdf54bbd696177cc7676e6a860677faa,game-select,,,
ddpkg/stream36-emblemstone-marked.pcapng,4,2212,257.798403000,8,56519720d35e9e9058074617a214e1b4,game-select,,,
ddpkg/stream36-emblemstone-marked.pcapng,0,18147,2246.693276000,12,370e11ccc1691541f43c4a78a42ea8de,game,,,
ddpkg/stream36-emblemstone-marked.pcapng,1,18858,2307.480626000,15,efcc475bcdf7642e211a8e603b3a34e9,game,,,
ddpkg/stream36-emblemstone-marked.pcapng,2,240,20.049400000,3,5a3cd74019591ce02f70d4f3f6be189a,game,,,
ddpkg/stream36-emblemstone-marked.pcapng,3,924,79.012977000,6,e7286db9f5c09c73f04f01a45b861160,game,,,
ddpkg/stream36-emblemstone-marked.pcapng,4,2321,264.825734000,9,576eb998a5a7da8031d298d47a69abd6,game,,,
ddpkg/stream37-marked.pcapng,0,22,2.364860000,1,3842c64ae88974acb17639867761186d,login,,,
ddpkg/stream37-marked.pcapng,1,9961,137.360726000,11,14470a74977efb81ef383dcdb3fb3f3e,login,4052,265,AWtQs3H6t_PCE6oyXjqIZNwGdbuZv1sP
ddpkg/stream37-marked.pcapng,2,10808,214.627238000,15,40d3230c92cec2565b1162140e087a5d,login,,,
ddpkg/stream37-marked.pcapng,3,79509,7758.480799000,19,5b39bfb922f8ba7edb205188fd2bd018,login,,,
ddpkg/stream37-marked.pcapng,4,80216,7819.138704000,22,a6293f57e8e788564fb724b0864c1e43,login,,,
ddpkg/stream37-marked.pcapng,0,10069,146.973271000,12,67dfcce44105716fbafee87d093a8fd3,game-select,4052,1672,v1z-RvDIK3_-MuEES9qeDtbbWdbzTjr-
ddpkg/stream37-marked.pcapng,1,10919,227.196192000,16,42a5015da26d36b89bf46594e03fd657,game-select,,,
ddpkg/stream37-marked.pcapng,2,79617,7768.051439000,20,e807e7ccf36d71750483633a2cd131bb,game-select,,,
ddpkg/stream37-marked.pcapng,3,80325,7827.038040000,23,2cb9e5784954592d14e9bb4af24779c8,game-select,,,
ddpkg/stream37-marked.pcapng,0,10182,160.223800000,13,0df954183ef1ec289b0bdb607c67b9e3,game,4052,2070,J5ZivYLeLcEq9wn0zKXXxan7xQt5n6up
ddpkg/stream37-marked.pcapng,1,11029,234.477425000,17,eba5bd1919340ffb26b5daa3f2503485,game,,,
ddpkg/stream37-marked.pcapng,2,79726,7775.867030000,21,9b512c713926b867fb12b0fe22052586,game,,,
ddpkg/stream37-marked.pcapng,3,80436,7835.637571000,24,538fe374e73e7603465a599b66d82935,game,,,
ddpkg/stream38-marked.pcapng,0,2601,337.883534000,10,78ed80074ca0252d713aa92ffa227db5,login,,,
ddpkg/stream38-marked.pcapng,1,23112,2376.517375000,14,c23ce06c5502077b08a86fd5ed13b755,login,,,
ddpkg/stream38-marked.pcapng,2,24058,2456.311120000,18,7b2346ccf2d653e3d4917a57b47a6267,login,,,
ddpkg/stream38-marked.pcapng,3,31,3.942640000,2,e7d971752d3c8bf82ab5f5bf56264a04,login,,,
ddpkg/stream38-marked.pcapng,4,1036,123.115069000,6,af92e51b1575c483faee6a5a6f73cd73,login,,,
ddpkg/stream38-marked.pcapng,0,2708,345.931195000,11,295a7d00fe2c8d02b4d83b6e5ae38319,game-select,,,
ddpkg/stream38-marked.pcapng,1,23219,2385.966287000,15,d4f8a9133ee7cf6db108da1e9d8d1ac8,game-select,,,
ddpkg/stream38-marked.pcapng,2,24166,2463.973431000,19,864bf15ca40b4aa9b0f8c19bbb24ef59,game-select,,,
ddpkg/stream38-marked.pcapng,3,145,27.880513000,3,14d284f994416d9d2814ff91a8473d79,game-select,,,
ddpkg/stream38-marked.pcapng,4,1144,132.440105000,7,b9f0dc8daa0066eb844a8ac9f0bd0f59,game-select,,,
ddpkg/stream38-marked.pcapng,0,2819,353.630354000,12,844fd4810eb5936e7ae94febd60b205b,game,,,
ddpkg/stream38-marked.pcapng,1,23329,2393.796134000,16,7d03ad28a17e7953452de9dd796ced53,game,,,
ddpkg/stream38-marked.pcapng,2,24278,2472.440150000,20,0ea6c500174829692a661044b1920205,game,,,
ddpkg/stream38-marked.pcapng,3,256,34.747200000,4,d728deb1748fbfa45139aa4aee626044,game,,,
ddpkg/stream38-marked.pcapng,4,1256,141.473020000,8,59b869c4ed1a06c791b01b9b917d9532,game,,,
ddpkg/stream39-ggexpeditionstart-pawnconversation++-marked.pcapng,0,22,3.273450000,1,26857ea7e6f6d9bad3cce4d4da6acfbd,login,,,
ddpkg/stream39-ggexpeditionstart-pawnconversation++-marked.pcapng,1,32601,3732.522348000,13,1b5d635962da0b5334f760a8f6346879,login,,,
ddpkg/stream39-ggexpeditionstart-pawnconversation++-marked.pcapng,2,34565,4002.094636000,17,c18a93827558fdc1185fcd2daaea26e6,login,,,
ddpkg/stream39-ggexpeditionstart-pawnconversation++-marked.pcapng,3,35269,4060.887391000,20,5466be48c59af7606959e08c019d038d,login,,,
ddpkg/stream39-ggexpeditionstart-pawnconversation++-marked.pcapng,4,720,69.695945000,5,8cfcacbfcef26f020b009bc12472a7f1,login,,,
ddpkg/stream39-ggexpeditionstart-pawnconversation++-marked.pcapng,5,1768,197.462616000,9,3fbf0c51bbd0a39c166301094b5db3aa,login,,,
ddpkg/stream39-ggexpeditionstart-pawnconversation++-marked.pcapng,0,1875,206.638890000,10,924bad9898cd930ab7de0114da892940,game-select,,,
ddpkg/stream39-ggexpeditionstart-pawnconversation++-marked.pcapng,1,32711,3742.696411000,14,982a110259de3f12c4f8d8311a164cc4,game-select,,,
ddpkg/stream39-ggexpeditionstart-pawnconversation++-marked.pcapng,2,34678,4012.721111000,18,2333b92cf31c6b29c1ae33218a6ec429,game-select,,,
ddpkg/stream39-ggexpeditionstart-pawnconversation++-marked.pcapng,3,133,15.625488000,2,3739ef2944ab4f4958872b7ea8de0a1d,game-select,,,
ddpkg/stream39-ggexpeditionstart-pawnconversation++-marked.pcapng,4,35376,4069.876417000,21,12c24a5cf5fc14355716203ca1111f3f,game-select,,,
ddpkg/stream39-ggexpeditionstart-pawnconversation++-marked.pcapng,5,830,79.620908000,6,9d9b856da3dfd14ef8ee37cca1eee066,game-select,,,
ddpkg/stream39-ggexpeditionstart-pawnconversation++-marked.pcapng,0,1984,213.772800000,11,3b0320d2d30156df166db16a1c10a904,game,,,
ddpkg/stream39-ggexpeditionstart-pawnconversation++-marked.pcapng,1,32825,3750.464701000,15,63d4eb292d84a71cf1c37b810f0df533,game,,,
ddpkg/stream39-ggexpeditionstart-pawnconversation++-marked.pcapng,2,34788,4019.960466000,19,865f94929f1f7f0e6cedf442e3f3da96,game,,,
ddpkg/stream39-ggexpeditionstart-pawnconversation++-marked.pcapng,3,35487,4077.101318000,22,c8ccc6c89a722e8661cdbac1f51b5da0,game,,,
ddpkg/stream39-ggexpeditionstart-pawnconversation++-marked.pcapng,4,243,25.646772000,3,6ce09a7028d423e98c5abb28945838da,game,,,
ddpkg/stream39-ggexpeditionstart-pawnconversation++-marked.pcapng,5,943,87.889872000,7,930b8084130e7a0877be08c7f582254d,game,,,
ddpkg/stream4-friendinvites-mail-revival-marked.pcapng,0,14167,81.566123000,45,b21b1b5adb968f40a5afb7b53517e142,login,2457,235,RhcgaJnJJvyF7BsXzAXA0fLI3ZCrIPqy
ddpkg/stream4-friendinvites-mail-revival-marked.pcapng,1,15435,248.005552000,53,18401f9bc6939953a01b93f9a2e47feb,login,,,
ddpkg/stream4-friendinvites-mail-revival-marked.pcapng,0,14274,90.343412000,46,a417b8018595d1cbc8313c909d22d4eb,game-select,2457,1528,AOxyhrjA4HMhJvjAlSYdzhB_S51cOcHz
ddpkg/stream4-friendinvites-mail-revival-marked.pcapng,1,15546,268.342339000,54,4175a41550ff2d47d9b1eb318875b87f,game-select,,,
ddpkg/stream4-friendinvites-mail-revival-marked.pcapng,0,14364,98.098484000,47,6eee691e1333d8b2ace53ab0150b4298,game,2457,1862,m6vF1Oz09ZPH4uJTC10y6cntTX8aThcs
ddpkg/stream4-friendinvites-mail-revival-marked.pcapng,1,15641,277.211328000,55,c046b1b770b7cccd6bc7f65812b0fca9,game,,,
ddpkg/stream40-ggexpeditionend-EM-marked.pcapng,0,22,3.398366000,1,4bd3d3b9150ca6251326e6e5d664a9fe,login,,,
ddpkg/stream40-ggexpeditionend-EM-marked.pcapng,1,68914,8302.492903000,13,464c5048196e2415bf91d2922f0cb718,login,,,
ddpkg/stream40-ggexpeditionend-EM-marked.pcapng,2,69636,8356.139950000,16,dc9c8a021df07d6acd387c8dc39ebb75,login,,,
ddpkg/stream40-ggexpeditionend-EM-marked.pcapng,3,82111,9581.185661000,20,b4840da6a58410f4d0df8efe676232fb,login,,,
ddpkg/stream40-ggexpeditionend-EM-marked.pcapng,4,754,80.293293000,5,0710a10b3d7bb85b67605195992d76bb,login,,,
ddpkg/stream40-ggexpeditionend-EM-marked.pcapng,5,3289,430.468984000,9,e6455df5f4523987dd936da4d6a98c03,login,,,
ddpkg/stream40-ggexpeditionend-EM-marked.pcapng,0,3397,438.286594000,10,3e1c5bb105a67ee7a8548ae286b49a94,game-select,,,
ddpkg/stream40-ggexpeditionend-EM-marked.pcapng,1,69023,8309.664774000,14,4d12f2d932593717c365fbdbb520c0e3,game-select,,,
ddpkg/stream40-ggexpeditionend-EM-marked.pcapng,2,69744,8363.806456000,17,23c81c98b0413cd4e173a7a0f6c58777,game-select,,,
ddpkg/stream40-ggexpeditionend-EM-marked.pcapng,3,134,22.434633000,2,35364270b4c04890e6a4e9b9fab2d172,game-select,,,
ddpkg/stream40-ggexpeditionend-EM-marked.pcapng,4,82219,9588.519528000,21,5561ff8988886b9b0fbfae144943db73,game-select,,,
ddpkg/stream40-ggexpeditionend-EM-marked.pcapng,5,864,87.185382000,6,915234172607de7dd47737014fd8e4fa,game-select,,,
ddpkg/stream40-ggexpeditionend-EM-marked.pcapng,0,3507,445.352519000,11,f3c5125e02e4b7689db34e43594cc566,game,,,
ddpkg/stream40-ggexpeditionend-EM-marked.pcapng,1,69133,8317.096110000,15,e14531aec6ea0c650a8fc63d6f0d65a9,game,,,
ddpkg/stream40-ggexpeditionend-EM-marked.pcapng,2,69856,8374.328506000,18,167afbe9d095b8a13e972760a26bec18,game,,,
ddpkg/stream40-ggexpeditionend-EM-marked.pcapng,3,82329,9596.018064000,22,45221ce115ec29cb9bf1e4f7b442df62,game,,,
ddpkg/stream40-ggexpeditionend-EM-marked.pcapng,4,245,30.174533000,3,ea080dc304e09ad0ce99f9e9a463f69e,game,,,
ddpkg/stream40-ggexpeditionend-EM-marked.pcapng,5,975,96.085031000,7,0d5d3224d14c03dd2cd7fc6d03fdd985,game,,,
ddpkg/stream41-wildhunt-royalcook-marked.pcapng,0,22,2.602993000,1,78a0ddf3c41cff4bee319d51c86629f7,login,,,
ddpkg/stream41-wildhunt-royalcook-marked.pcapng,1,9965,128.304284000,11,3edfa0b7315ce6b0a36feef98532340c,login,4272,299,LTVPyEsaIx5zIp-0bUx9540wnnejpKZc
ddpkg/stream41-wildhunt-royalcook-marked.pcapng,2,10757,208.020861000,15,11fb182b86ca65d4a9887b7f04302372,login,,,
ddpkg/stream41-wildhunt-royalcook-marked.pcapng,3,12209,395.180423000,19,ce8b4939ce9119c6578d95c6cad28b85,login,,,
ddpkg/stream41-wildhunt-royalcook-marked.pcapng,4,78133,6599.377779000,23,d4288df24c6076d57086ea875e3e2ce2,login,,,
ddpkg/stream41-wildhunt-royalcook-marked.pcapng,5,78914,6661.418003000,27,c949d8f534e387f8a728a424d1486fb0,login,,,
ddpkg/stream41-wildhunt-royalcook-marked.pcapng,0,10075,142.291558000,12,8f9e55385dac87f768b13daf31297414,game-select,4272,1762,hP98MS_FDY0RQ3BqrgDcQijP2OYJo_0y
ddpkg/stream41-wildhunt-royalcook-marked.pcapng,1,10863,216.774791000,16,4a56473dfab43055cbc1ab1e938eb8f1,game-select,,,
ddpkg/stream41-wildhunt-royalcook-marked.pcapng,2,12318,403.771239000,20,f3faf97fa6c6fa26259d483f9e9725ac,game-select,,,
ddpkg/stream41-wildhunt-royalcook-marked.pcapng,3,78242,6607.594276000,24,3df54c79b790d86431666876ab3906ab,game-select,,,
ddpkg/stream41-wildhunt-royalcook-marked.pcapng,4,79026,6681.749399000,28,96b4adc1f00c8676a2d4f5f05c22279f,game-select,,,
ddpkg/stream41-wildhunt-royalcook-marked.pcapng,0,10185,149.693496000,13,aaee96dda61bb6122ff7ecbbc6873f01,game,4272,2086,fB05FH22g8V60LIoac4WhJXnRCgqNQ4w
ddpkg/stream41-wildhunt-royalcook-marked.pcapng,1,10975,226.199345000,17,1f922f19a5ac24c8adcadab1320a493f,game,,,
ddpkg/stream41-wildhunt-royalcook-marked.pcapng,2,12429,411.516479000,21,b9064658a2af6061f2b968f0acf9f6ab,game,,,
ddpkg/stream41-wildhunt-royalcook-marked.pcapng,3,78351,6614.729460000,25,a0c4a4acecccf6f4d75d3deb735f92b1,game,,,
ddpkg/stream41-wildhunt-royalcook-marked.pcapng,4,79141,6690.181495000,29,be1dd5348415d68167fa4fbb625d19bc,game,,,
ddpkg/stream42-marked.pcapng,0,31,4.115410000,2,70b137ad877e8d122ff11d946e7e9331,login,,,
ddpkg/stream42-marked.pcapng,1,715,59.602909000,5,1242b5a95fa0f714bf9f45ff8e27ec00,login,,,
ddpkg/stream42-marked.pcapng,2,2123,243.614872000,9,a225f2263149f6dadd1b8e715d2b2a17,login,,,
ddpkg/stream42-marked.pcapng,0,2229,251.682674000,10,b8e853a7942f6164888bb2e290692a1a,game-select,,,
ddpkg/stream42-marked.pcapng,1,139,12.456748000,3,425658e3fd82deb933f31b012501fbbd,game-select,,,
ddpkg/stream42-marked.pcapng,2,828,81.065084000,6,bd26b03c31dc20f03c4185a17e45a2e1,game-select,,,
ddpkg/stream42-marked.pcapng,0,2339,258.948446000,11,4e85bf5cd89d9023a5b51f1397eb82e0,game,,,
ddpkg/stream42-marked.pcapng,1,250,19.657100000,4,27642193698c83e560f0aabe65dc320d,game,,,
ddpkg/stream42-marked.pcapng,2,939,90.301009000,7,295925d51866d5ae618b7931ff63c376,game,,,
ddpkg/stream43-marked.pcapng,0,10856,191.869384000,13,7054f871ea551118d5de0c1aeafcbe93,login,,,
ddpkg/stream43-marked.pcapng,1,15176,751.219971000,17,be99e00ad3703a39c53d2a64a8d83ac0,login,,,
ddpkg/stream43-marked.pcapng,2,67938,5522.616002000,21,2c75fb7576e941bbcaacc0214e730f73,login,,,
ddpkg/stream43-marked.pcapng,3,68710,5580.478205000,24,25bf15253a31e0e3a6db039fbc9e0b1b,login,,,
ddpkg/stream43-marked.pcapng,4,10038,129.992405000,9,132c124ebc6ff5d769d885d2712c07cd,login,5007,1312,yNSv3z9w7pOejKlvSQTBjTq1yyqVGa0B
ddpkg/stream43-marked.pcapng,0,10150,143.434664000,10,3db2d8ff7952d42eedfd2c00cd9eb7b2,game-select,5007,2768,E4Fz_ZoPvEEPo3MC8ianFbb0SXpEgMcV
ddpkg/stream43-marked.pcapng,1,10963,200.367334000,14,d7da8a5a6b83463d5d8cf783ef1acc92,game-select,,,
ddpkg/stream43-marked.pcapng,2,15285,761.421778000,18,aa12d0c4787c7e4c7352498f7f83aa90,game-select,,,
ddpkg/stream43-marked.pcapng,3,68046,5531.478907000,22,28ba1a9090aa703f02b78fd1f117d7b7,game-select,,,
ddpkg/stream43-marked.pcapng,4,68817,5588.502831000,25,fd28d9f73817a5f431f2b7fc2a43db33,game-select,,,
ddpkg/stream43-marked.pcapng,0,10261,151.306817000,11,0106afa5198f7cbad8080f444d0b0f85,game,5007,3106,kfL1P9L5YK6qhEkaFZR8lwfv4btHRK7q
ddpkg/stream43-marked.pcapng,1,11075,211.758355000,15,9f338c538f62ba7e9252e5e1adc97d35,game,,,
ddpkg/stream43-marked.pcapng,2,15398,768.620430000,19,6fc6db77bd02050358075ca2704bb51d,game,,,
ddpkg/stream43-marked.pcapng,3,68155,5538.998792000,23,e617f867b904c6d42bc4cfef339225d9,game,,,
ddpkg/stream43-marked.pcapng,4,68927,5596.619494000,26,c189b7e9b76bb317eac65ab849a406dd,game,,,
ddpkg/stream44-marked.pcapng,0,10762,228.882981000,13,d76cbbc895fde0ec5a8e84e6b7694965,login,,,
ddpkg/stream44-marked.pcapng,1,12162,384.436553000,17,15844abb68c76cffada0c185e16dec7e,login,,,
ddpkg/stream44-marked.pcapng,2,73341,5617.976501000,21,f11cec50d3df9cd72d59448524225a02,login,,,
ddpkg/stream44-marked.pcapng,3,74164,5674.988260000,24,f6859625b003bd7943cc145e49d42d56,login,,,
ddpkg/stream44-marked.pcapng,4,9922,158.070247000,9,f0eae7749d1691e15401776cd7e4c05b,login,4844,271,w4z72-xM0v0hTG_4my3PhXkoVauN05tE
ddpkg/stream44-marked.pcapng,0,10033,178.006702000,10,c30c73b5a621b1a8621ed4b4ec1c7bfe,game-select,4844,1794,hk6klOjaU-Ojj9h4mmbIP4zqfwvgO2zC
ddpkg/stream44-marked.pcapng,1,10872,239.101092000,14,c6b7df5506128ab5b6ea5f0a27274731,game-select,,,
ddpkg/stream44-marked.pcapng,2,12270,391.975077000,18,b19510dcb2552cc5872f3c78c1ba85a4,game-select,,,
ddpkg/stream44-marked.pcapng,3,73448,5626.014417000,22,e0c76f06e6c0d42e289705590337d2c3,game-select,,,
ddpkg/stream44-marked.pcapng,4,74272,5684.317718000,25,61de69dbe1c7478323ebda8a3329e7b4,game-select,,,
ddpkg/stream44-marked.pcapng,0,10145,185.008668000,11,4ccc9b58ee8eefad0ca2baa5add473ae,game,4844,2120,nnKsQQ2routizEUGQZZxW9TK9c4pHQNx
ddpkg/stream44-marked.pcapng,1,10984,247.602751000,15,80b81fcc0458c75d4034ae920eea0eff,game,,,
ddpkg/stream44-marked.pcapng,2,12379,398.943722000,19,6df2ba230ab970d9530035836344958c,game,,,
ddpkg/stream44-marked.pcapng,3,73558,5633.083041000,23,1b8b59358012068215420d18f6fddae8,game,,,
ddpkg/stream44-marked.pcapng,4,74382,5693.452575000,26,4dd73bb211cbb0591aac8cc24480ad44,game,,,
ddpkg/stream45-gg-shop-mephi-dungeon-marked.pcapng,0,22,2.389716000,1,9aff5363c48f8630cf1617fb73e8db16,login,,,
ddpkg/stream45-gg-shop-mephi-dungeon-marked.pcapng,1,918,73.637592000,5,592255bd47e526e22d91b759764c057f,login,,,
ddpkg/stream45-gg-shop-mephi-dungeon-marked.pcapng,2,3884,396.774893000,9,f88ebe8eaa76a96c5604f760d76ac33e,login,,,
ddpkg/stream45-gg-shop-mephi-dungeon-marked.pcapng,0,3998,419.395514000,10,a44f6037d11febbd5ec25fbcf9ed783b,game-select,,,
ddpkg/stream45-gg-shop-mephi-dungeon-marked.pcapng,1,135,21.898269000,2,ffc74c771c0f8b6971e3b0a6e3c26d2f,game-select,,,
ddpkg/stream45-gg-shop-mephi-dungeon-marked.pcapng,2,1027,81.860865000,6,9e4794f9eac4ca8760ea234c5ac4bd28,game-select,,,
ddpkg/stream45-gg-shop-mephi-dungeon-marked.pcapng,0,4108,429.800400000,11,aa15397b7cb2280e332b787df81f3351,game,,,
ddpkg/stream45-gg-shop-mephi-dungeon-marked.pcapng,1,246,28.762890000,3,92f63d6264c698b2efc592edbea0b8a7,game,,,
ddpkg/stream45-gg-shop-mephi-dungeon-marked.pcapng,2,1138,91.167658000,7,790eb566db3e7788c18201ad40b87916,game,,,
ddpkg/stream46-bofarming-mq-marked.pcapng,0,10671,218.902153000,13,26eb48403a256c7ee962911764a19039,login,,,
ddpkg/stream46-bofarming-mq-marked.pcapng,1,12037,384.891547000,17,24bb5b7860024e958975445827d8a64c,login,,,
ddpkg/stream46-bofarming-mq-marked.pcapng,2,57220,4514.769773000,21,164b6e7a422339f353e9a2a592a7f930,login,,,
ddpkg/stream46-bofarming-mq-marked.pcapng,3,57911,4570.593204000,24,d275d4ce93dfa1cd950e9363427e2bfa,login,,,
ddpkg/stream46-bofarming-mq-marked.pcapng,4,9964,157.343072000,9,b05f6dd339a3ce0ee84a2139312b571a,login,5289,1880,9j5HXHN7a7Pzwpofb-vhDnLgdOAhnh01
ddpkg/stream46-bofarming-mq-marked.pcapng,0,10071,165.970100000,10,47f93446cbb2a79f78a9b2c988ec0ab5,game-select,5289,3278,9_pK5tV669mxeLaz5sLWhwzA8fvJs7TE
ddpkg/stream46-bofarming-mq-marked.pcapng,1,10780,226.728206000,14,da33fce156b1279533ec67f8a030e0a0,game-select,,,
ddpkg/stream46-bofarming-mq-marked.pcapng,2,12146,394.986531000,18,164a94149aee9d3e707b901135131e0c,game-select,,,
ddpkg/stream46-bofarming-mq-marked.pcapng,3,57331,4525.219574000,22,3aa81ab6a85dc176dce37aaba8c41f77,game-select,,,
ddpkg/stream46-bofarming-mq-marked.pcapng,4,58019,4578.370763000,25,b3b4dc89f51b8bd37363cb4e6d592274,game-select,,,
ddpkg/stream46-bofarming-mq-marked.pcapng,0,10182,174.071446000,11,420ed1472350d9d5ae55e80263b3d5fb,game,5289,3604,OhvWce9MNcoSHZzbsNiwelJYAU15-X5c
ddpkg/stream46-bofarming-mq-marked.pcapng,1,10891,235.062495000,15,ca576b2e534549473d0e1eefd33ab395,game,,,
ddpkg/stream46-bofarming-mq-marked.pcapng,2,12257,401.855798000,19,ba6084356c8038edd2b16f5beae5dd6a,game,,,
ddpkg/stream46-bofarming-mq-marked.pcapng,3,57440,4532.792622000,23,e82fddf328e20ad2e5472a4e536f98d3,game,,,
ddpkg/stream46-bofarming-mq-marked.pcapng,4,58130,4586.518027000,26,274fb961459ac538a944a3a26c0be123,game,,,
ddpkg/stream47-bofarm-mq-exmunlock-marked.pcapng,0,10465,112.897252000,27,3226d1a9a384e1f644ef3998abe9dfd8,login,4859,686,TymZLgUcdMfdJPGUYiMWeiV_qDP4GMAY
ddpkg/stream47-bofarm-mq-exmunlock-marked.pcapng,1,11180,175.495999000,31,540d2df573adedc411b705d853cf5002,login,,,
ddpkg/stream47-bofarm-mq-exmunlock-marked.pcapng,2,12443,336.937244000,35,8f4d69ea5f546c6e0990489e752ca4ee,login,,,
ddpkg/stream47-bofarm-mq-exmunlock-marked.pcapng,3,70800,6252.382856000,39,0ca968e93fcf05f14cd3c49a4776a3f4,login,,,
ddpkg/stream47-bofarm-mq-exmunlock-marked.pcapng,4,71512,6313.055745000,42,25a09c0bd0d2666a1d6949245063f197,login,,,
ddpkg/stream47-bofarm-mq-exmunlock-marked.pcapng,0,10573,121.832187000,28,5bfee9f8e54135bd89d63c1d794f4c44,game-select,4859,2090,ay3jgmaRGA45kyW9sjr6_z09WsB6MQnD
ddpkg/stream47-bofarm-mq-exmunlock-marked.pcapng,1,11288,183.829349000,32,c41f22f9bef1d7a6abc30f51e2a07530,game-select,,,
ddpkg/stream47-bofarm-mq-exmunlock-marked.pcapng,2,12551,345.400216000,36,6d0f361fd5e15f64da631ce052cd3421,game-select,,,
ddpkg/stream47-bofarm-mq-exmunlock-marked.pcapng,3,70908,6261.874293000,40,711725f79bee53485d7585520289b05a,game-select,,,
ddpkg/stream47-bofarm-mq-exmunlock-marked.pcapng,4,71621,6319.853392000,43,a2801d2981a68cb03007c56b946a3a04,game-select,,,
ddpkg/stream47-bofarm-mq-exmunlock-marked.pcapng,0,10684,129.599432000,29,64458b129b034d3850f3f4a17bc946cd,game,4859,2426,oBUyqEsYLDPBsWNw956jDHbKh6XeDK9U
ddpkg/stream47-bofarm-mq-exmunlock-marked.pcapng,1,11399,192.281627000,33,e160c163cd8e5d9b508f6cd46935e2fa,game,,,
ddpkg/stream47-bofarm-mq-exmunlock-marked.pcapng,2,12661,352.847518000,37,84a7f4cb26cbd5f8b66d6df6ad557d6f,game,,,
ddpkg/stream47-bofarm-mq-exmunlock-marked.pcapng,3,71018,6269.178075000,41,2ed70d5176877fef8259445de00c9dcf,game,,,
ddpkg/stream47-bofarm-mq-exmunlock-marked.pcapng,4,71733,6328.457103000,44,93dbd6f46e8f718ce1ba4c9e423f5543,game,,,
ddpkg/stream48-grantrequest-mq-gglotto-marked.pcapng,0,7,0.472180000,0,262a4b43dcfa5c2b83900775c36f3593,login,,,
ddpkg/stream48-grantrequest-mq-gglotto-marked.pcapng,1,31528,3128.831658000,11,0ebee19a7851c9b4b09a0acbe5d94ad8,login,,,
ddpkg/stream48-grantrequest-mq-gglotto-marked.pcapng,2,31738,3140.727510000,13,1ebd3ff389f2f50627520300a2061487,login,,,
ddpkg/stream48-grantrequest-mq-gglotto-marked.pcapng,3,717,58.796902000,3,b556c2c3add433650b3f048e21e5ec90,login,,,
ddpkg/stream48-grantrequest-mq-gglotto-marked.pcapng,4,2289,268.168957000,6,6961da96fc5e0274c6220ac4e81dfa7a,login,,,
ddpkg/stream48-grantrequest-mq-gglotto-marked.pcapng,0,115,10.123143000,1,4c55597d481985270b868747cd635c39,game-select,,,
ddpkg/stream48-grantrequest-mq-gglotto-marked.pcapng,1,31635,3137.260715000,12,7dc38f2d171bae1595107ee5aff9dd85,game-select,,,
ddpkg/stream48-grantrequest-mq-gglotto-marked.pcapng,2,31764,3144.168779000,14,2f16e65ab20658720a3a93295b7ec6e6,game-select,,,
ddpkg/stream48-grantrequest-mq-gglotto-marked.pcapng,3,824,66.218799000,4,5e8ccf0e1d5148ca02fdb80e90bcbad1,game-select,,,
ddpkg/stream48-grantrequest-mq-gglotto-marked.pcapng,4,2397,275.242466000,7,6232c4dbdcb3029f1584c157b1ea8f4e,game-select,,,
ddpkg/stream48-grantrequest-mq-gglotto-marked.pcapng,0,31875,3152.734554000,15,74b641fd21e60ef77a59b4015455ebf9,game,,,
ddpkg/stream48-grantrequest-mq-gglotto-marked.pcapng,1,226,17.392216000,2,84be57a84ab258904d982d05cc2253df,game,,,
ddpkg/stream48-grantrequest-mq-gglotto-marked.pcapng,2,936,74.625412000,5,286fe2184e8367b1e106dcfd7bf86cf0,game,,,
ddpkg/stream48-grantrequest-mq-gglotto-marked.pcapng,3,2507,282.711131000,8,c2b9c42621d24cd2d3aa216d08f15243,game,,,
ddpkg/stream49-marked.pcapng,0,10588,181.290344000,12,1b47c63a984b69662625f9d0f9aac596,login,,,
ddpkg/stream49-marked.pcapng,1,12191,387.920517000,16,3435b718dc5a794397388c94615fbdfb,login,,,
ddpkg/stream49-marked.pcapng,2,23943,1446.764575000,20,9ea4bc05374195a6ae8a69d28f7ad319,login,,,
ddpkg/stream49-marked.pcapng,3,9919,121.699353000,9,692c17b29a2710ce775807c4e85bd4f6,login,5627,281,uhgI_kdnYwI1tPFAWG4y8Sy-4XmfKZZS
ddpkg/stream49-marked.pcapng,0,10027,131.466588000,10,824535c0ac62c9fb95cf2888d9c39b62,game-select,5627,1700,hALU36hKR8XZ2l5NfC2YV_4DYqSPuen3
ddpkg/stream49-marked.pcapng,1,10695,189.487180000,13,a5462a5ae5e575e056038d748f63d63d,game-select,,,
ddpkg/stream49-marked.pcapng,2,12298,396.480398000,17,6f3566c87e7aa595114198c2d4bb2550,game-select,,,
ddpkg/stream49-marked.pcapng,3,24054,1459.527816000,21,5224d5982d4be1fbcb639808c7466d24,game-select,,,
ddpkg/stream49-marked.pcapng,0,10140,138.801158000,11,750e98f9a43a7658050d2c05cbbb022a,game,5627,2028,kbNAjR5RrynjaNbqkZBy8FLldeS3AUaj
ddpkg/stream49-marked.pcapng,1,10806,198.762414000,14,6efc837e5393b19306990f7540c9629a,game,,,
ddpkg/stream49-marked.pcapng,2,12408,403.800608000,18,c9d0f0155649362b1a65a38ae22e1bac,game,,,
ddpkg/stream49-marked.pcapng,3,24166,1468.564084000,22,972096d3573cd83a7acd6cb180fe4fc6,game,,,
ddpkg/stream5-marked.pcapng,0,1338,212.591601000,11,c795bc90ee34c751a985f7f6cffcb3dd,login,,,
ddpkg/stream5-marked.pcapng,1,26,58.670172000,6,fb3340b47214cc1e53e6d8e6652ef038,login,26242,237,hREUMreQsowZisof2tBCtXrXUvcvqVUv
ddpkg/stream5-marked.pcapng,0,1448,223.489652000,12,973fd6e7ba447e6794d213945046f943,game-select,,,
ddpkg/stream5-marked.pcapng,1,147,70.038062000,8,14e785c76be2e2856c547fef4b12c0b4,game-select,26242,1626,ivFLpu-InuQybkOfeFN8h3YnhSfeuUgp
ddpkg/stream5-marked.pcapng,0,1540,231.979187000,13,be45c9927ba34b1b83eb0657ab1c5f79,game,,,
ddpkg/stream5-marked.pcapng,1,236,77.607431000,9,16b050cf4f2ab5274aa7ec36b5972508,game,26242,1954,u_NINiMIcQGwUMyIv7X2d1XTYNvBpeAM
ddpkg/stream50-marked.pcapng,0,22,3.479878000,1,bfa9a0f645a84c237c464b4b7fd4b881,login,,,
ddpkg/stream50-marked.pcapng,1,1273,172.987081000,5,9e4d7e92978506b9cb0003409c49afa4,login,,,
ddpkg/stream50-marked.pcapng,2,37963,3697.818355000,9,6967d2428692290ba6cf6dbebd24f516,login,,,
ddpkg/stream50-marked.pcapng,0,38070,3707.064015000,10,acdc78aeec95ec2695ec28d81cc2c2f2,game-select,,,
ddpkg/stream50-marked.pcapng,1,134,22.271487000,2,e849ee78d140cba4aac9d3afa247c4d0,game-select,,,
ddpkg/stream50-marked.pcapng,2,1379,181.262633000,6,c4830dc34ffa7570cac11e73b461be31,game-select,,,
ddpkg/stream50-marked.pcapng,0,38181,3715.502857000,11,bd290b18e055c6c6617e82c033fc03fc,game,,,
ddpkg/stream50-marked.pcapng,1,246,30.338276000,3,b623908463d30307fd9a1bafd8a0c26e,game,,,
ddpkg/stream50-marked.pcapng,2,1488,188.396681000,7,f05b28a9f4d70b1187d1df840507e6fb,game,,,
ddpkg/stream51-marked.pcapng,0,24784,295.781337000,15,93222cd89a8bd9a6a69e3b35139580f9,login,,,
ddpkg/stream51-marked.pcapng,1,9917,121.643266000,9,015b821f3c9946f3378245dcb9201ef6,login,5410,1117,8q9yIwVcrkz01ivv-0ewFSS_GKWigAb9
ddpkg/stream51-marked.pcapng,0,10028,133.865431000,10,2598126761a3bdd0eb7fd7a8831ab564,game-select,5410,2389,z_q3UmcoABw070spGs7xVIcZGC2EDcwn
ddpkg/stream51-marked.pcapng,1,24892,304.888802000,16,40c07ae757bba062a87ca8c6273f78a3,game-select,,,
ddpkg/stream51-marked.pcapng,0,10141,143.571586000,11,0a0168e336ebb9ad186b8f5a75ecc578,game,5410,2749,_24ERLGmXGC0NTivXeXKZ24McjaaHJEC
ddpkg/stream51-marked.pcapng,1,25002,313.241261000,17,8c639a8acdd7d7a9f6c371eb58abc0bb,game,,,
ddpkg/stream52-enhanced-expedition-marked.pcapng,0,22,3.044950000,1,61a8a3d1d35695afd615da6a72398ef8,login,,,
ddpkg/stream52-enhanced-expedition-marked.pcapng,1,1786,207.763813000,5,790eaecd8f53a1ac4cac9cc31cc7af14,login,,,
ddpkg/stream52-enhanced-expedition-marked.pcapng,2,14310,1233.866740000,9,74ae8e8264683a6a701ddc8e1651b793,login,,,
ddpkg/stream52-enhanced-expedition-marked.pcapng,0,14420,1241.468591000,10,9024253a6e88d6833291ba9558b0f33a,game-select,,,
ddpkg/stream52-enhanced-expedition-marked.pcapng,1,130,12.621644000,2,6bfaa456c19f1e83036e9832752d9a45,game-select,,,
ddpkg/stream52-enhanced-expedition-marked.pcapng,2,1894,216.704733000,6,2c1bc7083848c0801427c72ba711a808,game-select,,,
ddpkg/stream52-enhanced-expedition-marked.pcapng,0,14532,1250.553857000,11,d002c74cff55d2d5e529b7547c160123,game,,,
ddpkg/stream52-enhanced-expedition-marked.pcapng,1,243,21.195119000,3,46d317b4de1be20372a46b40d1776e6e,game,,,
ddpkg/stream52-enhanced-expedition-marked.pcapng,2,2004,223.571577000,7,7fe63298f08c42227d841eca9e300594,game,,,
ddpkg/stream53-marked.pcapng,0,22,3.029665000,1,ed6b5b55e047f0cc100c0774dac2970d,login,,,
ddpkg/stream53-marked.pcapng,1,1394,161.544009000,5,0d789fe2b2716e932e57f8a36c0e6323,login,,,
ddpkg/stream53-marked.pcapng,2,13247,1132.061741000,9,269ec73b6e6a9eb5646bd9f4ef4abe21,login,,,
ddpkg/stream53-marked.pcapng,0,13355,1139.433306000,10,4d9e5bb43609e5fe9b9ebcb1cea1108a,game-select,,,
ddpkg/stream53-marked.pcapng,1,130,11.485762000,2,cd3adbd7282eed297afd94dd67451fba,game-select,,,
ddpkg/stream53-marked.pcapng,2,1501,169.446815000,6,79bea459a3ce0acf6605459f5f604022,game-select,,,
ddpkg/stream53-marked.pcapng,0,13467,1147.766692000,11,5012d79c2175a2e2ccf592ed3eb55de0,game,,,
ddpkg/stream53-marked.pcapng,1,243,20.084902000,3,456ea7196f3ca54303a9b68a96f1c372,game,,,
ddpkg/stream53-marked.pcapng,2,1610,177.943791000,7,8d09a1b78d1226a97c943a75b96b8e3a,game,,,
ddpkg/stream54-marked.pcapng,0,11216,272.101882000,13,3718ad05df8f721a0ae60efca3812492,login,,,
ddpkg/stream54-marked.pcapng,1,35126,2878.710648000,17,4d3beff8c6466cd26f08c3dcc629f5a8,login,,,
ddpkg/stream54-marked.pcapng,2,9945,116.528114000,9,883b377ce878c8e460890052424208c0,login,5777,271,RSuIvbP_UuZXtMEh5anySZvY8LSTqpsS
ddpkg/stream54-marked.pcapng,0,10052,125.553002000,10,aa567db6c79e2aaf1cb81f38036bfc80,game-select,5777,1504,PwmBgpKc3Q0_bHc1W1CSxNq3wfkdK8gg
ddpkg/stream54-marked.pcapng,1,11323,281.426705000,14,d5484c5256674218e2d898abd0e9cc7a,game-select,,,
ddpkg/stream54-marked.pcapng,2,35236,2886.593565000,18,637f6f277dd9e945c0ae25854f43d142,game-select,,,
ddpkg/stream54-marked.pcapng,0,10165,135.086261000,11,8a176e89675fcad2a76cc4c658cf7685,game,5777,1872,CZN6UpY-FgG-thOtoor8pTg7gzhq22CJ
ddpkg/stream54-marked.pcapng,1,11433,288.705364000,15,c7ca017d39046e797646066bd1204bc8,game,,,
ddpkg/stream54-marked.pcapng,2,35348,2894.970325000,19,0aea35088829891da69deb2d82300297,game,,,
ddpkg/stream55-marked.pcapng,0,10456,108.995348000,27,fb2835e4c8f469fc82ef4063a292d1a9,login,5537,247,-9mN9IEH0sn2t3gNLdZTqWQWDgYXosPV
ddpkg/stream55-marked.pcapng,1,11744,296.958724000,31,8f1db1f9ea524eed47f5ad91ee2e42ff,login,,,
ddpkg/stream55-marked.pcapng,0,10564,117.898479000,28,186323a48e590427c298adbb49b4355a,game-select,5537,1490,Q7HVjCrXz7Sw-dCl7dAIsSf-yakq2pD1
ddpkg/stream55-marked.pcapng,1,11852,305.114167000,32,e16dad99bf4b3872390fb115d6be4f12,game-select,,,
ddpkg/stream55-marked.pcapng,0,10677,127.154704000,29,e8aa2d63c125c8409bcc9074be6819ab,game,5537,1848,p6qCgYlHUZ-nsafwculYNTA1dgfzM8rX
ddpkg/stream55-marked.pcapng,1,11962,312.148086000,33,7e82c25f34c76a90f886ce1bf8dee4af,game,,,
ddpkg/stream56-marked.pcapng,0,31,3.322312000,2,55a4a0d1809c66338fd89a610ba7c5cf,login,,,
ddpkg/stream56-marked.pcapng,1,1334,219.345729000,6,e31432371ebc7268413d5d8df670c626,login,,,
ddpkg/stream56-marked.pcapng,0,148,36.491862000,3,b027e012836087691de46e919655255b,game-select,,,
ddpkg/stream56-marked.pcapng,1,1442,228.745025000,7,21a580bfd00521413c5a1920410edd72,game-select,,,
ddpkg/stream56-marked.pcapng,0,261,46.465877000,4,7fec7d6ec982f19b515d8123caab427b,game,,,
ddpkg/stream56-marked.pcapng,1,1551,236.883416000,8,f2b6762e041349379c1e6530af15024b,game,,,
ddpkg/stream57-marked.pcapng,0,22,2.733763000,1,f33907fc3c4110d0cbee1b249edd84ba,login,,,
ddpkg/stream57-marked.pcapng,1,3170,456.871485000,5,d6065a5bab766e41d4ca5508487fded3,login,,,
ddpkg/stream57-marked.pcapng,2,49934,5246.926342000,9,b5eee9b5bbac0d411ea779f5cfacf45f,login,,,
ddpkg/stream57-marked.pcapng,0,50044,5255.205480000,10,13a7eb8d17901b8ea2e4ad524a6346ab,game-select,,,
ddpkg/stream57-marked.pcapng,1,130,11.633942000,2,3ef4b77e26ec2995bc698b63cf5b1d88,game-select,,,
ddpkg/stream57-marked.pcapng,2,3283,467.317442000,6,02506f9b5f2761a9e4754edf5f6d38a1,game-select,,,
ddpkg/stream57-marked.pcapng,0,50155,5263.240468000,11,0a9bc3400ba44a15b505d8d689ecae9a,game,,,
ddpkg/stream57-marked.pcapng,1,243,20.973568000,3,4db81dc5d121ce6183bd55d8fdc52be6,game,,,
ddpkg/stream57-marked.pcapng,2,3393,474.540188000,7,4d2a1aa739bf5390d7c0cc6df6d81f2b,game,,,
ddpkg/stream58-pawncreation-ephi-1-1-marked.pcapng,0,22,2.726136000,1,94ef505a4a8a051c43d05f7b9dea6450,login,,,
ddpkg/stream58-pawncreation-ephi-1-1-marked.pcapng,1,66873,6896.821619000,15,7051e7b6bb6947495f7a51ff4c0ebf6f,login,,,
ddpkg/stream58-pawncreation-ephi-1-1-marked.pcapng,2,1536,215.011518000,5,86a066be6c7d45410bfb688d473f3ed1,login,,,
ddpkg/stream58-pawncreation-ephi-1-1-marked.pcapng,3,65106,6636.517224000,9,11703f48a8949202110be065d2941e4e,login,,,
ddpkg/stream58-pawncreation-ephi-1-1-marked.pcapng,0,65214,6644.719730000,10,fa9428ab547ff2445d63a41ab45d83dc,game-select,,,
ddpkg/stream58-pawncreation-ephi-1-1-marked.pcapng,1,66981,6905.542627000,16,170a803654a3a4cb5c4e74bf4817c281,game-select,,,
ddpkg/stream58-pawncreation-ephi-1-1-marked.pcapng,2,130,11.512377000,2,868a4afb9a59fac610fba7ca205c85f9,game-select,,,
ddpkg/stream58-pawncreation-ephi-1-1-marked.pcapng,3,1644,223.445284000,6,d5c17af68d2a536eb9bc2f124596863c,game-select,,,
ddpkg/stream58-pawncreation-ephi-1-1-marked.pcapng,0,65325,6653.729142000,11,c136322ab0bfe2120bc23bb7600c036a,game,,,
ddpkg/stream58-pawncreation-ephi-1-1-marked.pcapng,1,67092,6912.812204000,17,474adeb23a4b66cb8559f46db982a554,game,,,
ddpkg/stream58-pawncreation-ephi-1-1-marked.pcapng,2,243,20.512475000,3,ed1bf8a89d65633cbe10420680e2c6d9,game,,,
ddpkg/stream58-pawncreation-ephi-1-1-marked.pcapng,3,1754,231.146836000,7,9a1d0dde28d833624c1e98b13fb2bf5f,game,,,
ddpkg/stream59-epi-1-2-party-hobo1-marked.pcapng,0,11428,382.694534000,13,7a8d6ef6171ef36cc9b415cb0a2b7414,login,,,
ddpkg/stream59-epi-1-2-party-hobo1-marked.pcapng,1,9935,182.947711000,9,dae32ea6c4028310bea45b66afd0a354,login,5017,1434,Fo_7XSW96XT0K0DJGSUa9ZrYfQvDjMg5
ddpkg/stream59-epi-1-2-party-hobo1-marked.pcapng,0,10049,204.598748000,10,7448794b5d0b71730f30e9be96b6cd87,game-select,5017,2814,Ka13Y1gG7K7Q86BV518xWDW4_m00N5NX
ddpkg/stream59-epi-1-2-party-hobo1-marked.pcapng,1,11538,389.719142000,14,f82bd9890c3669a576d6caf55ab88a65,game-select,,,
ddpkg/stream59-epi-1-2-party-hobo1-marked.pcapng,0,10162,215.165432000,11,eb0dc89cd224e60b1272a9f9fcf55243,game,5017,3192,buJe-y66nMphHRa3fTNXBzCoOUeo0ma8
ddpkg/stream59-epi-1-2-party-hobo1-marked.pcapng,1,11649,396.816087000,15,c1baf82765ce9038fb500caa7f66812d,game,,,
ddpkg/stream6-annilot-hobo-marked.pcapng,0,7,0.430968000,0,22f47fc7e1b2b6511093a4f38aa9772a,login,2400,5634,kNf_uYdwv7hMLcXhWJcADS5gVveGP3sM
ddpkg/stream6-annilot-hobo-marked.pcapng,1,31129,1026.546789000,14,9c32f6bf11d1144a26a3898119ad0371,login,,,
ddpkg/stream6-annilot-hobo-marked.pcapng,0,115,11.721209000,1,c15001376d7ece08b5043d64e968aa19,game-select,2400,6953,qRM2uSQUmTafRhv8a9AdjPGbn97GESmG
ddpkg/stream6-annilot-hobo-marked.pcapng,1,31237,1033.752289000,15,fcefd5983566bc1f8fa2349749042af4,game-select,,,
ddpkg/stream6-annilot-hobo-marked.pcapng,0,31348,1042.052195000,16,75032faaff66b0ea0949a1d9dbdbb8f0,game,,,
ddpkg/stream6-annilot-hobo-marked.pcapng,1,226,18.864510000,2,e0a825b21cfb3f87818306674dd0635d,game,2400,7287,o4z6nFIzn_R5on9gKNpFZMKLVQBFB_gp
ddpkg/stream60-exchange-apprasial-cashshop-treasurelot-marked.pcapng,0,11554,332.269772000,13,ed03f2dd2d5f4465f1042ab822ae7e3b,login,,,
ddpkg/stream60-exchange-apprasial-cashshop-treasurelot-marked.pcapng,1,22272,1379.215338000,17,82f5fb4050a9d47aa9f32be890d082c4,login,,,
ddpkg/stream60-exchange-apprasial-cashshop-treasurelot-marked.pcapng,2,9948,109.580708000,9,fcd42cfe7ff863152b725e6ea30fa559,login,5567,261,fnOV4ROM8swUqejpRfDIno7spRfR5hnQ
ddpkg/stream60-exchange-apprasial-cashshop-treasurelot-marked.pcapng,0,10056,119.187342000,10,82293f44f13c554ea0ceac66c278c50e,game-select,5567,1498,xztH4DmdVd56M9X6Rfd3GW6Qfzs8pgys
ddpkg/stream60-exchange-apprasial-cashshop-treasurelot-marked.pcapng,1,11663,342.184390000,14,49b1e3c926f98ed4739791c3d32cc9a5,game-select,,,
ddpkg/stream60-exchange-apprasial-cashshop-treasurelot-marked.pcapng,2,22385,1390.219500000,18,c7333ccf547ae7ced6c99af9fdf1a97c,game-select,,,
ddpkg/stream60-exchange-apprasial-cashshop-treasurelot-marked.pcapng,0,10169,129.923482000,11,8b790ac1cd4f95b66c16b16f856e2b43,game,5567,1868,cQxTmtcqzAvA9MdowRark6fp3wT7G8Vf
ddpkg/stream60-exchange-apprasial-cashshop-treasurelot-marked.pcapng,1,11774,349.385796000,15,c91df39f8c03c9fc9cf02e8770e7ef5a,game,,,
ddpkg/stream60-exchange-apprasial-cashshop-treasurelot-marked.pcapng,2,22497,1398.653532000,19,b288941c9accdc80dca07421041dd839,game,,,
ddpkg/stream61-remarked.pcapng,0,11438,374.421561000,13,c0daf367ea7953e6ada871b8fc053646,login,,,
ddpkg/stream61-remarked.pcapng,1,9935,132.701408000,9,f136f3392042f4cf3bf6b9cd6d79df94,login,4921,652,UpJlo7MYHVbxS3Xs7LAx-sptfA5Q3Mw-
ddpkg/stream61-remarked.pcapng,0,10051,154.451046000,10,eafa5971990de6f471dcc66a480b01ff,game-select,4921,2043,YdT7cIV9UOSxS04T764DHn2PJL-QoJRH
ddpkg/stream61-remarked.pcapng,1,11547,384.096129000,14,f5c5938acf6a4df4f7db4caa170bcff0,game-select,,,
ddpkg/stream61-remarked.pcapng,0,10164,162.906368000,11,e54e874ff865f9479fd8b7896b647970,game,4921,2393,q9p2wKk5jOiYuCkqT0nN6giLQa-qTmuz
ddpkg/stream61-remarked.pcapng,1,11658,391.964671000,15,de443859de46ad05f3d1828bdad00b22,game,,,
ddpkg/stream62-marked.pcapng,0,11804,473.684357000,13,0eeded776e293b958c9af3c9e239a36a,login,,,
ddpkg/stream62-marked.pcapng,1,52872,4229.089485000,17,01ca279e8519a93326b98593e1b0c347,login,,,
ddpkg/stream62-marked.pcapng,2,9924,148.493329000,9,0d10bf8b8ade69dd307ccc0939ff2d17,login,5381,329,iSzG9B0KbCx6uX218VYnDMSTQ9xM6tXt
ddpkg/stream62-marked.pcapng,0,10034,158.680194000,10,d93a9ddaf392e6852fe79ebcd0863191,game-select,5381,1574,e2KFjzFPd8tyr_igAKAgArxHMMzF62jC
ddpkg/stream62-marked.pcapng,1,11915,485.549209000,14,31b1971fcbd35f089517741a1c8345ff,game-select,,,
ddpkg/stream62-marked.pcapng,2,52985,4242.122327000,18,0657874e3d04fda762b552fd31951a26,game-select,,,
ddpkg/stream62-marked.pcapng,0,10150,168.050419000,11,3c458d9bc318d818d0f91d1245aae153,game,5381,1932,ql8-UpP578-L2xUgudVj3M-QMd2Y8uId
ddpkg/stream62-marked.pcapng,1,12028,496.983338000,15,cba3efad427ef1e35e295ed386cfaf79,game,,,
ddpkg/stream62-marked.pcapng,2,53097,4250.621133000,19,a9cf84515f42b14cc993945e7d028bef,game,,,
ddpkg/stream63-epi-1-3-gg-expedition-marked.pcapng,0,11314,254.329455000,13,9ac2c240beb142ef14c9f13d070cbf4b,login,,,
ddpkg/stream63-epi-1-3-gg-expedition-marked.pcapng,1,106563,8317.340377000,19,c39195302f774a4f6ca6bfd991163931,login,,,
ddpkg/stream63-epi-1-3-gg-expedition-marked.pcapng,2,9976,98.981996000,9,201995cbd356c7b3412c41a88cfebebe,login,4835,528,Sym6phMKHrxeMXkcEbtp7umP0C8lSm-z
ddpkg/stream63-epi-1-3-gg-expedition-marked.pcapng,0,10087,110.913900000,10,65b7be23597a052e0e6b9464c9bd002e,game-select,4835,1802,Ujd2xLIzLP53_403aHpZC-8ICJLVB0gP
ddpkg/stream63-epi-1-3-gg-expedition-marked.pcapng,1,11421,262.902430000,14,eecf282c5e9f43f2c4fd1118d31a45f2,game-select,,,
ddpkg/stream63-epi-1-3-gg-expedition-marked.pcapng,2,106671,8325.042261000,20,3a773e6987998b1b77db37769fc143b0,game-select,,,
ddpkg/stream63-epi-1-3-gg-expedition-marked.pcapng,0,10199,120.381492000,11,6d290da000b04a42b74199dd5ff2ab5a,game,4835,2160,9si8dUAdb7wCcrcA_qsEDT8grtZrI-50
ddpkg/stream63-epi-1-3-gg-expedition-marked.pcapng,1,11530,270.915067000,15,c6c21daa4cb399d8efe6c612eabdff34,game,,,
ddpkg/stream63-epi-1-3-gg-expedition-marked.pcapng,2,106782,8334.650258000,21,abcfcad6189fbbc844a73db96cbf261f,game,,,
ddpkg/stream64-marked.pcapng,0,11331,276.853721000,13,c79354d9c1e2e280af461eb5a05d7c12,login,,,
ddpkg/stream64-marked.pcapng,1,62481,5340.654157000,19,3185c69754c4709a2f487c1a0940a9c1,login,,,
ddpkg/stream64-marked.pcapng,2,9938,103.673225000,9,3112beb3784a0401c97fdaeb45806e75,login,5462,383,f1q0RjzzPtSlgzDuZ3WpejJflReRF9AG
ddpkg/stream64-marked.pcapng,0,10045,112.728917000,10,554b5f630a0bf564645fee3a07b19147,game-select,5462,1621,mAJOyt6vZBtcImbQNAxTIMxKj9N5gdoP
ddpkg/stream64-marked.pcapng,1,11441,287.962696000,14,acb92dbec2f3399697adc88ef0a197ad,game-select,,,
ddpkg/stream64-marked.pcapng,2,62589,5348.991755000,20,b3f90fc79e0690777a38e7cdab7c8d6f,game-select,,,
ddpkg/stream64-marked.pcapng,0,10157,121.906263000,11,d4414cff7a615a99e3d72dc15c3a7a40,game,5462,1983,ttaI0rGlSZZQXNIbUScPLdNh6dMMMVB-
ddpkg/stream64-marked.pcapng,1,11551,297.662284000,15,e5e67f1c1e9b56c7ff4f7565fa55559f,game,,,
ddpkg/stream64-marked.pcapng,2,62701,5357.367103000,21,b219611351c37a1437c180e3dac1c256,game,,,
ddpkg/stream65-epi1-4-marked.pcapng,0,2104,349.392498000,10,3e8c2abc6cc577a7afb30b8a7a78181a,login,,,
ddpkg/stream65-epi1-4-marked.pcapng,1,85324,5513.289584000,15,fcaa291c941842b2c8500f808372cc4e,login,,,
ddpkg/stream65-epi1-4-marked.pcapng,2,167,89.601805000,7,5a3c4ee1851a21b14cb9c840b38621fd,login,5009,670,k4In2XMgX8OdOC8lM4wr5uMJaDH0J6JK
ddpkg/stream65-epi1-4-marked.pcapng,0,2217,360.525393000,11,f7f92df2245dd90e7f09c7b56aa8a5fe,game-select,,,
ddpkg/stream65-epi1-4-marked.pcapng,1,85434,5521.123728000,16,772085791097f733f60cced092cc6d1b,game-select,,,
ddpkg/stream65-epi1-4-marked.pcapng,2,274,98.662984000,8,576680364accc75524e4b9640a47f009,game-select,5009,1906,tcNTF9UTCRF6QwFn6Wgkoccf-QhwXSXl
ddpkg/stream65-epi1-4-marked.pcapng,0,2326,367.825672000,12,cba63bf27c239074d0e8261ac48cbf2f,game,,,
ddpkg/stream65-epi1-4-marked.pcapng,1,85546,5529.397073000,17,803f2e4ad6c51a0ac1a74eff4002bd8c,game,,,
ddpkg/stream65-epi1-4-marked.pcapng,2,387,108.008006000,9,a673cc158741fbd815e38e287aa2e791,game,5009,2266,caUoMVWMURyiVS0oFIBoKKb0GpwtmwXd
ddpkg/stream66-epi-2-1-marked.pcapng,0,11240,252.106494000,14,6f79afb29d370c5ca1913c27966eecba,login,,,
ddpkg/stream66-epi-2-1-marked.pcapng,1,35728,2654.190179000,18,61526388f2c05880e9644c62fb3eb736,login,,,
ddpkg/stream66-epi-2-1-marked.pcapng,2,9950,98.044284000,9,30b93102c400475c79bd9e59dc6570b6,login,4829,512,R4uzBMwcwri9qPrnQzu-zHtVy1mzBHFu
ddpkg/stream66-epi-2-1-marked.pcapng,0,10057,107.363453000,10,51bed565349cde52744e1bdd55fab93f,game-select,4829,1756,EZECeHFZouQ9e0L19A5Mp124IIyCxIEe
ddpkg/stream66-epi-2-1-marked.pcapng,1,11349,262.335508000,15,99abf9fa0e4bba7b1aae7fef54fa6f3d,game-select,,,
ddpkg/stream66-epi-2-1-marked.pcapng,2,35836,2663.663984000,19,01ac1cc8b87b6364aa25c4e99b77c6af,game-select,,,
ddpkg/stream66-epi-2-1-marked.pcapng,0,10181,116.829272000,12,43d9d8208f7df725c096acfbe55bba1d,game,4829,2116,WOct6aaglxcYEpOGgDyJZy3plCO7_sUi
ddpkg/stream66-epi-2-1-marked.pcapng,1,11462,269.875297000,16,b640fb17665ee3e1b7ff0993e26ef92b,game,,,
ddpkg/stream66-epi-2-1-marked.pcapng,2,35947,2671.929789000,20,c0047f12c8d7e818b9343878396b9c50,game,,,
ddpkg/stream67-ex-farm-marked.pcapng,0,22,2.711429000,1,129c09564cfe9f672d993c5bd57dfed9,login,,,
ddpkg/stream67-ex-farm-marked.pcapng,1,111624,10104.294947000,8,c3c38b050f60ac0ad798a55dc94b4f21,login,,,
ddpkg/stream67-ex-farm-marked.pcapng,0,132,14.037579000,2,b771822973990cc5781145db6476f25b,game-select,,,
ddpkg/stream67-ex-farm-marked.pcapng,1,111732,10110.246022000,9,846dd0e04e2cbd5afb0d31edf5231c4f,game-select,,,
ddpkg/stream67-ex-farm-marked.pcapng,0,111844,10118.512206000,10,1905892fd1ec9af4a4054ac1dd49b57b,game,,,
ddpkg/stream67-ex-farm-marked.pcapng,1,244,22.079608000,3,6f4710e2439153e3893bafe78af149bd,game,,,
ddpkg/stream68-ex-skillunlock-marked.pcapng,0,11208,279.945667000,13,2283d00aac64bd2480534e06cfa353a0,login,,,
ddpkg/stream68-ex-skillunlock-marked.pcapng,1,52207,4476.834138000,17,bdfa5769455ea1086c3e72d37c502156,login,,,
ddpkg/stream68-ex-skillunlock-marked.pcapng,2,9939,108.234557000,9,6d9052ca4306581dfd1ea0500f13b6cc,login,5037,890,CVK0r7dx9aj-KVvDX0hilN2sFCa5_Yn6
ddpkg/stream68-ex-skillunlock-marked.pcapng,0,10048,118.073421000,10,90dedc033b0f0abd20012ca1d47ece7d,game-select,5037,2136,QyheW9alldOx255vLK0in_Fqi0RuIOPp
ddpkg/stream68-ex-skillunlock-marked.pcapng,1,11318,287.079788000,14,1aa3e1369943f7cccfbca0323ee6c287,game-select,,,
ddpkg/stream68-ex-skillunlock-marked.pcapng,2,52315,4486.045868000,18,dcf67dbcfb1e1ae193a78d232bd7de5b,game-select,,,
ddpkg/stream68-ex-skillunlock-marked.pcapng,0,10164,127.838103000,11,12b21af393c97c42ab93ed1f6f1878af,game,5037,2500,iUURPXOX08TtI2ybw8d58yePNy-q9EgH
ddpkg/stream68-ex-skillunlock-marked.pcapng,1,11427,295.015799000,15,e9d286a43878fa690d51170f61c82a14,game,,,
ddpkg/stream68-ex-skillunlock-marked.pcapng,2,52427,4495.047081000,19,aceabd5007f9cafad3306b48c9f4767d,game,,,
ddpkg/stream69-epi-2-2-marked.pcapng,0,11455,292.278872000,13,8b6d6471b5559c1ff1f3938738c5f7da,login,,,
ddpkg/stream69-epi-2-2-marked.pcapng,1,61507,4944.552478000,19,2ba40baadb3e501e14d0d84e456d0d9e,login,,,
ddpkg/stream69-epi-2-2-marked.pcapng,2,62789,5086.341128000,23,32ee9a47e9cc48732cfe28756e42179d,login,,,
ddpkg/stream69-epi-2-2-marked.pcapng,3,9934,106.755123000,9,c59a0aba0767bc20ab6d43f1b6473ca7,login,4846,253,VwDF-AZJN2w1X0tSTL6yLmFgLtc7GIzN
ddpkg/stream69-epi-2-2-marked.pcapng,0,10040,115.392707000,10,3eb772e36d69fb8e37b88701dc99ece9,game-select,4846,1484,rxA5CKuc_bVisqCIjyEuWhbrE_dZGWGE
ddpkg/stream69-epi-2-2-marked.pcapng,1,11566,304.403890000,14,0dfb6e41980fd8eca006109230f36b82,game-select,,,
ddpkg/stream69-epi-2-2-marked.pcapng,2,61617,4951.469746000,20,a03eb2131bfaa007792c3f1084162c14,game-select,,,
ddpkg/stream69-epi-2-2-marked.pcapng,3,62897,5095.391149000,24,5d031220fab98f03518075ef694fbe88,game-select,,,
ddpkg/stream69-epi-2-2-marked.pcapng,0,10156,125.908325000,11,f45f1826de630e966876f160a49d3aaa,game,4846,1860,8WMY3FS9jihoeiwmnvrztq7JeoCFTBbP
ddpkg/stream69-epi-2-2-marked.pcapng,1,11676,312.492727000,15,6cb9f2fa161a56e9c8bdc479e7828400,game,,,
ddpkg/stream69-epi-2-2-marked.pcapng,2,61729,4959.868785000,21,d1b83c63fdfd3813c46cc3e7f2ec0050,game,,,
ddpkg/stream69-epi-2-2-marked.pcapng,3,63006,5103.130225000,25,8702aa8436eb43db7ae6511b13d58584,game,,,
ddpkg/stream7-clanquest-morechat-marked.pcapng,0,12037,97.633042000,45,acd5f17ec94de8a3121a9a07ba7d7ee8,login,2334,357,fhf11HpktBGXSuIgM-6aEMzNEMV3hVEB
ddpkg/stream7-clanquest-morechat-marked.pcapng,1,14142,399.290590000,49,f99329e46999bd42901dedb74c3e096e,login,,,
ddpkg/stream7-clanquest-morechat-marked.pcapng,0,12146,112.155694000,46,d02ce80610025144e8fe7dcebfbd9e72,game-select,2334,1759,JmPQ48QSdNuqXN33ex6ij81FMEMHLo50
ddpkg/stream7-clanquest-morechat-marked.pcapng,1,14257,430.690568000,50,89f2254ce01bd859a12cae01bc6b2138,game-select,,,
ddpkg/stream7-clanquest-morechat-marked.pcapng,0,12260,124.678056000,47,d3e9b992762c1df3ef7322eccc9cfad3,game,2334,2151,5BCMOeI_5iFi9ewqVg9A4l4vmZw2wzuq
ddpkg/stream7-clanquest-morechat-marked.pcapng,1,14368,439.433455000,51,924192132c2020302f48809d4a63ea02,game,,,
ddpkg/stream70-epi-(2-3)-(3-1)-gg-expedition-megados-unlock-marked.pcapng,0,11276,382.991970000,13,bbb8afe5764017b7ce94442470393776,login,,,
ddpkg/stream70-epi-(2-3)-(3-1)-gg-expedition-megados-unlock-marked.pcapng,1,162550,13536.701690000,19,0569f37366e7bf034c5909e2d599be0e,login,,,
ddpkg/stream70-epi-(2-3)-(3-1)-gg-expedition-megados-unlock-marked.pcapng,2,9931,222.127492000,9,087b83c4275e33709c71bd50bf9d5164,login,5111,2817,A5f8kx-2kZTgeNRp8__x-1qSo28DdHE3
ddpkg/stream70-epi-(2-3)-(3-1)-gg-expedition-megados-unlock-marked.pcapng,0,10040,233.509191000,10,a3bdbf1e90a63ce40f694f207ebebf97,game-select,5111,4083,qgtI3tkcTsZ_DPHtOQCw2dCSv1-i2PgU
ddpkg/stream70-epi-(2-3)-(3-1)-gg-expedition-megados-unlock-marked.pcapng,1,11384,391.496214000,14,dbbfcf012c285b124def330bd2bec447,game-select,,,
ddpkg/stream70-epi-(2-3)-(3-1)-gg-expedition-megados-unlock-marked.pcapng,2,162657,13545.438337000,20,e95089009af258e85d195b81bcd13bf0,game-select,,,
ddpkg/stream70-epi-(2-3)-(3-1)-gg-expedition-megados-unlock-marked.pcapng,0,10153,242.916639000,11,9ebb9d05c50f25e55dbc6cbf7986b350,game,5111,4439,TYuIJRrfnA7RhSAMkurOcnntOk_d4mKL
ddpkg/stream70-epi-(2-3)-(3-1)-gg-expedition-megados-unlock-marked.pcapng,1,11494,399.796622000,15,b5d1ef88738f672c56fad79bbced1038,game,,,
ddpkg/stream70-epi-(2-3)-(3-1)-gg-expedition-megados-unlock-marked.pcapng,2,162771,13553.604836000,21,a38ce054c225d276e8c53bc750b20232,game,,,
ddpkg/stream71-lv95hobo-exunlocks-mq-marked.pcapng,0,12141,428.818718000,13,74fec6c4d0b75f580c2c87d88c4bbc7f,login,,,
ddpkg/stream71-lv95hobo-exunlocks-mq-marked.pcapng,1,214227,18222.004332000,19,b4300c679df36e396b133ee617d80b10,login,,,
ddpkg/stream71-lv95hobo-exunlocks-mq-marked.pcapng,2,10668,256.232205000,9,69ae4d86898b917fa7b0c7c85781ceaf,login,5170,3444,SyKqQgGwB0KeIcpBuZopMa1xiW6K4iPt
ddpkg/stream71-lv95hobo-exunlocks-mq-marked.pcapng,0,10777,267.945832000,10,efb58f559d57783066983cb9bcfaa801,game-select,5170,4718,6MWIwBvliDkryUgDmhnb5IIgImCGEvWo
ddpkg/stream71-lv95hobo-exunlocks-mq-marked.pcapng,1,12249,437.942086000,14,b3d5c8a77f25fc717236008ef1cb930a,game-select,,,
ddpkg/stream71-lv95hobo-exunlocks-mq-marked.pcapng,2,214334,18230.587799000,20,b40445688c0db31d59e624854382e7b5,game-select,,,
ddpkg/stream71-lv95hobo-exunlocks-mq-marked.pcapng,0,10893,279.517367000,11,9ed3c523e0d39b0868ca6ab1bce79b8d,game,5170,5106,isxUCLXawHoI43gmfOoLMWxGT6mB9LbZ
ddpkg/stream71-lv95hobo-exunlocks-mq-marked.pcapng,1,12360,446.787126000,15,ee60a777a8dd4df10c1f13aee4c40717,game,,,
ddpkg/stream71-lv95hobo-exunlocks-mq-marked.pcapng,2,214446,18239.530569000,21,38916d3b719082b30d20470e282f9941,game,,,
ddpkg/stream72-epi-3-4-marked.pcapng,0,11072,349.745397000,13,ca3022ab239638b3172a80c7e158c5e0,login,,,
ddpkg/stream72-epi-3-4-marked.pcapng,1,69892,5553.931901000,17,53643f8acd283549f344686c53bafa57,login,,,
ddpkg/stream72-epi-3-4-marked.pcapng,2,9769,176.893395000,9,52c318762f5942a8beea4fc2209d7297,login,5574,1041,vVuzICNVAM0E9SttEkum42Ok37QQNAc_
ddpkg/stream72-epi-3-4-marked.pcapng,0,9879,195.203142000,10,b1dc99f86172dfd5ca95b605cf45c643,game-select,5574,2389,sihNdGNR_FTKkphWRLRnp4rMXDlUjI1v
ddpkg/stream72-epi-3-4-marked.pcapng,1,11182,362.211852000,14,e82475ec619da490c762792fdb34ba6a,game-select,,,
ddpkg/stream72-epi-3-4-marked.pcapng,2,70005,5565.093092000,18,d9604282719d69f8ae0c28c0f1119746,game-select,,,
ddpkg/stream72-epi-3-4-marked.pcapng,0,9991,204.274476000,11,a42dd96b7bc2f2d3583381f3f25517c8,game,5574,2743,LyD1zQPWJbd0e6mixZLicyL_ocRIAazE
ddpkg/stream72-epi-3-4-marked.pcapng,1,11296,375.484777000,15,da1fd7b59917aa2dd6e48e916ea608d2,game,,,
ddpkg/stream72-epi-3-4-marked.pcapng,2,70117,5573.527382000,19,e19edcb3e087010ed8187e97db90e64e,game,,,
ddpkg/stream73-hobofarm-marked.pcapng,0,7184,590.468888000,2,de0904260332d86c34358b03e25088e7,login,,,
ddpkg/stream73-hobofarm-marked.pcapng,0,7297,606.808788000,3,dfac5eb14ceb3e86e338594e09b9efb0,game-select,,,
ddpkg/stream73-hobofarm-marked.pcapng,0,7407,616.116852000,4,51de1421d10b39194b67e06528dc2ffa,game,,,
ddpkg/stream74-mq-ggexp-marked.pcapng,0,15,1.495543000,1,dd64fc3415473dc86ce957b2e7312380,login,,,
ddpkg/stream74-mq-ggexp-marked.pcapng,1,1408,197.076026000,5,4cc0907bc3d9980855dc20f728362a78,login,,,
ddpkg/stream74-mq-ggexp-marked.pcapng,2,18016,1954.249399000,9,59ce2163cc863a15f44e612e47af9532,login,,,
ddpkg/stream74-mq-ggexp-marked.pcapng,0,18126,1961.633319000,10,b05dc7e1c11df9ffcf22033401e8a637,game-select,,,
ddpkg/stream74-mq-ggexp-marked.pcapng,1,134,38.871670000,2,433e3f12a1fc271ffea26b747862ef51,game-select,,,
ddpkg/stream74-mq-ggexp-marked.pcapng,2,1516,206.028984000,6,c1071211977b5ba6a5748138183e7ebe,game-select,,,
ddpkg/stream74-mq-ggexp-marked.pcapng,0,18238,1969.800919000,11,2d55e562b5f54f5424a89e76a8e70798,game,,,
ddpkg/stream74-mq-ggexp-marked.pcapng,1,247,48.699339000,3,ec177e339cd091e1cccd2da7963d5d43,game,,,
ddpkg/stream74-mq-ggexp-marked.pcapng,2,1626,215.842078000,7,b3ac9c992d41f5be92e4a6fb85530b0f,game,,,
ddpkg/stream75-partyhobo-marked.pcapng,0,9992,264.521556000,10,728a5e9a322c124831f4e8619cb5dceb,login,5221,3436,OSwYIACbnFm_4nPb5CTkuaUwu4EEIvko
ddpkg/stream75-partyhobo-marked.pcapng,1,11354,440.851300000,14,f7528b7562de98296056639bb3aafcbb,login,,,
ddpkg/stream75-partyhobo-marked.pcapng,0,10101,274.775668000,11,361b91a9458aa1f52124dd3dcb052d8d,game-select,5221,4680,GtwF1rNF1C_2SIWhtfGgTRyVUpGUqgrv
ddpkg/stream75-partyhobo-marked.pcapng,1,11462,449.040970000,15,541dae2e9a2c7f37cafe9f89b6d33cc4,game-select,,,
ddpkg/stream75-partyhobo-marked.pcapng,0,10216,285.242267000,12,b46027eeb4366e45fce4c234ddfc53b4,game,5221,5048,tRiGlCBO9QC0TYfFaT6RIyiyRfPUScqj
ddpkg/stream75-partyhobo-marked.pcapng,1,11571,457.576475000,16,fa690d54045aa2c25eda060a55cd5287,game,,,
ddpkg/stream76-marked.pcapng,0,12467,325.360357000,13,76195f87cb0cf00d919edbc882c5102b,login,,,
ddpkg/stream76-marked.pcapng,1,20527,1179.194530000,17,b283cdba1dbe318207334c04f6750ba1,login,,,
ddpkg/stream76-marked.pcapng,2,10640,79.085881000,9,e62331685d9ad3e02920a77bb30d2a62,login,4962,308,CEDzwHdt_125LaSAdIkw3az8-MeMcZWU
ddpkg/stream76-marked.pcapng,0,10748,88.765932000,10,164773717437d58df6470083944c0453,game-select,4962,1558,4UAhLTAFGh-qUgxzT86sfpsJeCzU-HUn
ddpkg/stream76-marked.pcapng,1,12574,333.804810000,14,7b53e640ff150e1bce5e2379446b6283,game-select,,,
ddpkg/stream76-marked.pcapng,2,20635,1186.766238000,18,e0f25de8531062651d07e7bf0de67b2b,game-select,,,
ddpkg/stream76-marked.pcapng,0,10861,98.230432000,11,a28968efa0548b544a12b45f65569d36,game,4962,1920,spcXVimMpuv1aMEQYJcTjs_sVgQAYQY7
ddpkg/stream76-marked.pcapng,1,12684,343.264761000,15,d7a7cd6e1b36bebcc87ee5b27a29c51c,game,,,
ddpkg/stream76-marked.pcapng,2,20747,1194.838419000,19,417fe0b4a8d3a021a152eb0485973ae8,game,,,
ddpkg/stream77-wm-part1-marked.pcapng,0,22,1.896078000,1,bb56ad2e97c2664564efa5083db3079e,login,,,
ddpkg/stream77-wm-part1-marked.pcapng,1,44269,4788.291896000,11,966bcb34790eb14f2e8523d7876d5252,login,,,
ddpkg/stream77-wm-part1-marked.pcapng,2,193512,8902.853966000,19,c99d99c4e382cc41111e703b12c66338,login,,,
ddpkg/stream77-wm-part1-marked.pcapng,3,193738,8958.368624000,21,963b9ff53b6fe77d22398aa24c973631,login,,,
ddpkg/stream77-wm-part1-marked.pcapng,4,221497,9772.794460000,25,eecaf5c9b936d1b511cc2b35dd4b44e4,login,,,
ddpkg/stream77-wm-part1-marked.pcapng,5,239,20.939503000,3,fb0e8acc47965660ff4cb8c53ddc3cf5,login,,,
ddpkg/stream77-wm-part1-marked.pcapng,6,13932,2137.187389000,7,92839601af1000e32f5d16cb4a73ff35,login,,,
ddpkg/stream77-wm-part1-marked.pcapng,0,44377,4794.921838000,12,674dae834c320520801f82c30b7cde41,game-select,,,
ddpkg/stream77-wm-part1-marked.pcapng,1,133,13.873625000,2,66123124beffa746b5633917e43149b3,game-select,,,
ddpkg/stream77-wm-part1-marked.pcapng,2,193629,8940.934485000,20,63ed72fb3e87761debd4bb22835e1cd7,game-select,,,
ddpkg/stream77-wm-part1-marked.pcapng,3,193767,8962.937540000,22,90f61e82e5f358f7c385a9d503c889db,game-select,,,
ddpkg/stream77-wm-part1-marked.pcapng,4,221612,9801.907332000,26,70a0b9f19544800b29aa1154cd517079,game-select,,,
ddpkg/stream77-wm-part1-marked.pcapng,5,267,27.888904000,4,a60da101a78bb519d4ac5b141f1b5809,game-select,,,
ddpkg/stream77-wm-part1-marked.pcapng,6,14045,2156.889698000,8,5443143a3b3281b453320e24715d21c2,game-select,,,
ddpkg/stream77-wm-part1-marked.pcapng,0,44489,4803.890297000,13,d165f398b3b33cf403e8c95226784045,game,,,
ddpkg/stream77-wm-part1-marked.pcapng,1,48145,5197.045872000,14,74ec513df37b51d3cbc7a14109f1c77a,game,,,
ddpkg/stream77-wm-part1-marked.pcapng,2,193882,8973.824476000,23,2c92dbcda3cf33f67ae4dbc6c1dadddf,game,,,
ddpkg/stream77-wm-part1-marked.pcapng,3,221722,9811.242020000,27,dfabb3ea5ba490592f59158a9ef9ecfe,game,,,
ddpkg/stream77-wm-part1-marked.pcapng,4,379,38.523086000,5,5133fc86929fceccb90bda183da61a1b,game,,,
ddpkg/stream77-wm-part1-marked.pcapng,5,14156,2165.592524000,9,0d0545b11b98c25dbaae21594136f725,game,,,
ddpkg/stream78-part1-missed dailies-marked.pcapng,0,26601,2363.269014000,10,df35dd16d863dc54305cc6a26a544688,login,,,
ddpkg/stream78-part1-missed dailies-marked.pcapng,1,27463,2436.515922000,14,aa62235d8029d6582d9328427e92cc07,login,,,
ddpkg/stream78-part1-missed dailies-marked.pcapng,2,31,3.724550000,2,53308973a1e03951abda64ba75a4d897,login,,,
ddpkg/stream78-part1-missed dailies-marked.pcapng,3,1571,145.536145000,6,77842e990089c53e4f970dbc9d06987e,login,,,
ddpkg/stream78-part1-missed dailies-marked.pcapng,0,26709,2372.705313000,11,5c8f5509627db5eef4cff4d567c7045b,game-select,,,
ddpkg/stream78-part1-missed dailies-marked.pcapng,1,27571,2445.732085000,15,70df3a73f603f614fa63548e0f0e9a36,game-select,,,
ddpkg/stream78-part1-missed dailies-marked.pcapng,2,139,11.689264000,3,140d98af3e7f7a0a97b695d7e2f1a4ab,game-select,,,
ddpkg/stream78-part1-missed dailies-marked.pcapng,3,1678,154.646760000,7,d13fc3d1557364caeee3524ae6cee20b,game-select,,,
ddpkg/stream78-part1-missed dailies-marked.pcapng,0,26820,2381.373364000,12,752a0e685754135c68f494d17d594919,game,,,
ddpkg/stream78-part1-missed dailies-marked.pcapng,1,27681,2453.541503000,16,0c3539033dcfe93daef32b2821e59436,game,,,
ddpkg/stream78-part1-missed dailies-marked.pcapng,2,252,20.024487000,4,8fe71dea50f95c07cf386d42ee5b68bd,game,,,
ddpkg/stream78-part1-missed dailies-marked.pcapng,3,1788,163.014685000,8,a99d1e6e1f7808ea82fcfb85a39acbdf,game,,,
ddpkg/stream79-part2-wm-fails-andwins-marked.pcapng,0,7,0.469930000,0,9e1b8d184f8134aa8427a34751a3a6c2,login,,,
ddpkg/stream79-part2-wm-fails-andwins-marked.pcapng,1,135759,2149.448985000,5,b696819d82736769c3c54eb53d964423,login,,,
ddpkg/stream79-part2-wm-fails-andwins-marked.pcapng,0,119,14.101644000,1,5cbdd6865a5319d765d33e52d5466435,game-select,,,
ddpkg/stream79-part2-wm-fails-andwins-marked.pcapng,1,135867,2157.044786000,6,0dbffbfcd9b9e54097077a43b490259f,game-select,,,
ddpkg/stream79-part2-wm-fails-andwins-marked.pcapng,0,229,22.536150000,2,e86abd88a514a93e92134a8b75802cac,game,,,
ddpkg/stream79-part2-wm-fails-andwins-marked.pcapng,1,3086,252.175404000,3,b837eb022cf8bbf00bfde128bbcc772b,game,,,
ddpkg/stream79-part2-wm-fails-andwins-marked.pcapng,2,135979,2166.412191000,7,7f45714dc1fee1790cc95c30437c05a0,game,,,
ddpkg/stream79-part2-wm-fails-andwins-marked.pcapng,3,137597,2341.704698000,8,61819383bd007f9318484b779150d68c,game,,,
ddpkg/stream8-pawn-picture-request-marked.pcapng,0,7,0.432366000,0,bcf68ce2583b564aca659631191a6389,login,,,
ddpkg/stream8-pawn-picture-request-marked.pcapng,1,1917,142.631940000,8,8a89bb412401d0eafabad3cdbe40aa96,login,,,
ddpkg/stream8-pawn-picture-request-marked.pcapng,0,113,8.606499000,1,b340a13bb7abaa5c88738472653f0898,game-select,,,
ddpkg/stream8-pawn-picture-request-marked.pcapng,1,2022,151.228994000,9,ea7365ffbd6fd7082b2684d9c721bf8f,game-select,,,
ddpkg/stream8-pawn-picture-request-marked.pcapng,0,2132,159.363682000,10,2ee84edd2a6a3bc85fe46312df25ebd6,game,,,
ddpkg/stream8-pawn-picture-request-marked.pcapng,1,224,16.566863000,2,5d7b41a1f6322dd446576e05cafd63e3,game,,,
ddpkg/stream80-remarked.pcapng,0,22,2.983758000,1,f6c07b2458291119c8f287d60f639224,login,,,
ddpkg/stream80-remarked.pcapng,1,237,17.719892000,3,0a894422038a56a8f28cd87d7c6deb6d,login,,,
ddpkg/stream80-remarked.pcapng,2,1557,194.799562000,7,386aacd4cbd3aded6f6985e52b99763b,login,,,
ddpkg/stream80-remarked.pcapng,0,132,12.984304000,2,b8cc147fca0c0c5299d7c280a4b71c5f,game-select,,,
ddpkg/stream80-remarked.pcapng,1,263,21.019313000,4,bb0ea73996c25d4df0279757d42a6d50,game-select,,,
ddpkg/stream80-remarked.pcapng,2,1668,209.984788000,8,568c6c382e640a2c4682498202ffec46,game-select,,,
ddpkg/stream80-remarked.pcapng,0,375,29.460139000,5,57dadf7467bda487bc0b540745b2988a,game,,,
ddpkg/stream80-remarked.pcapng,1,1780,218.584382000,9,26248fe0f686a818985970cff8d95dcd,game,,,
ddpkg/stream81-marked.pcapng,0,22,3.312283000,1,6762716ebd4e0d13237438f095c333c7,login,,,
ddpkg/stream81-marked.pcapng,1,12726,1676.591712000,13,15936185c56dc63aa305ce14085ecd88,login,,,
ddpkg/stream81-marked.pcapng,2,1464,252.372239000,5,ded9bc4a6be5d3f188e2b1623021490e,login,,,
ddpkg/stream81-marked.pcapng,3,11991,1608.719443000,9,d16a2b7229a9dbacf6d765b13cd952a5,login,,,
ddpkg/stream81-marked.pcapng,0,12099,1616.776515000,10,ec8eae8cb6a9d42b0365b4c834446d51,game-select,,,
ddpkg/stream81-marked.pcapng,1,12836,1683.852439000,14,caa12757d69ed72ba8756fca6bfaa49b,game-select,,,
ddpkg/stream81-marked.pcapng,2,132,15.186853000,2,befbc3cb342dd94f20ec8ac8aedc53f1,game-select,,,
ddpkg/stream81-marked.pcapng,3,1576,265.148508000,6,35827a599a32571240900ee984d4722b,game-select,,,
ddpkg/stream81-marked.pcapng,0,12209,1626.325479000,11,443893641be4b83854a2a56445b31403,game,,,
ddpkg/stream81-marked.pcapng,1,12948,1692.185624000,15,1dab4d5b159f09040e33c20b559e43b3,game,,,
ddpkg/stream81-marked.pcapng,2,245,24.165324000,3,166d1be7331e57bef6846aff1253bba1,game,,,
ddpkg/stream81-marked.pcapng,3,1687,274.346287000,7,793a3265f1c47a257c27ccfbbfc455d5,game,,,
ddpkg/stream82-marked.pcapng,0,10157,145.166561000,11,2690248cef89dfcf743921a2ed98c64e,login,5151,2469,GHb2On7dHYD1haDfa9xbGCQlroyilCyg
ddpkg/stream82-marked.pcapng,1,11517,436.165440000,15,4558be12054d1872d02af2b3732033ec,login,,,
ddpkg/stream82-marked.pcapng,2,9938,101.254746000,9,8c66251ce1c3f389042f18930bd13655,login,5151,400,c1Waaw4GyuUpEpV_-77bAJNQfKhqFNTU
ddpkg/stream82-marked.pcapng,0,10054,140.199503000,10,7eba88de0a77d5bbd4fdda7516664933,game-select,5151,2146,D_HAAdLv1OrztVUxgqciLpTQV8dOGzrw
ddpkg/stream82-marked.pcapng,1,10184,149.233699000,12,e68eb5f08190f65e32124460d965234d,game-select,5151,3012,uQoDhGPElS8gk15UiudhmF7VWRKWm9p3
ddpkg/stream82-marked.pcapng,2,11625,444.897209000,16,8476d13f77a485490fd95be09c58ee12,game-select,,,
ddpkg/stream82-marked.pcapng,0,10296,158.618548000,13,b493c55cdd3d15d45477f43148427a5d,game,5151,3372,7Ezy82NjWfCzo0S9O399S-SK4NFlrcHY
ddpkg/stream82-marked.pcapng,1,11735,453.298993000,17,8b941bd064064f692a7c071b7ac3d83e,game,,,
ddpkg/stream83-remarked.pcapng,0,22,3.274565000,1,3b440b4e0e65f4d73322e9f37c0d73ad,login,,,
ddpkg/stream83-remarked.pcapng,1,1266,144.585592000,5,7bde362b78338d8098d99fc74fbe914b,login,,,
ddpkg/stream83-remarked.pcapng,0,129,9.712503000,2,910a4b6e71180ed2d1a5437e991bb72e,game-select,,,
ddpkg/stream83-remarked.pcapng,1,1373,154.111338000,6,96091cd4a0d46e13d5e7ec861a954837,game-select,,,
ddpkg/stream83-remarked.pcapng,0,246,20.595887000,3,67315b33e530d5c57e13e202058f73e5,game,,,
ddpkg/stream83-remarked.pcapng,1,1484,162.055733000,7,0b0ecfaab60f9e7b728583e2f1ea2565,game,,,
ddpkg/stream84-epi4-3-marked.pcapng,0,22,2.521147000,1,c71937ca8567a6738f5f160268e2d804,login,,,
ddpkg/stream84-epi4-3-marked.pcapng,1,1527,179.932657000,4,7347b73667c05be31f2c05f5144bdca0,login,,,
ddpkg/stream84-epi4-3-marked.pcapng,0,133,13.298751000,2,3f6d97b7f44fdab6d4a958230066bda1,game-select,,,
ddpkg/stream84-epi4-3-marked.pcapng,1,1638,197.492770000,5,b82dd8d5bce926ed123bfd73d0672916,game-select,,,
ddpkg/stream84-epi4-3-marked.pcapng,0,246,21.731007000,3,ddaac82a623af08a75d9494a84f1b078,game,,,
ddpkg/stream84-epi4-3-marked.pcapng,1,1748,205.791530000,6,de81e2b4f46892a6bf7e4f9bd2d452cd,game,,,
ddpkg/stream85-marked.pcapng,0,9925,298.333213000,9,06d8d384a2d09b2929ed24156692e2d3,login,4990,3799,J2g4pE2_heyqIAengWy0N6D1SEklxz8I
ddpkg/stream85-marked.pcapng,0,10032,307.351000000,10,179522096dfda401fa4183a4c6b6058b,game-select,4990,5204,N5ee3Ra0KBZ-UVELDmKRnhe8wqWvWEm7
ddpkg/stream85-marked.pcapng,0,10142,316.518028000,11,672b402620bbb068a9b673010243de55,game,4990,5558,hkNnBgyXz40de6kX3vkmAWGvatldB-Pp
ddpkg/stream86-bonusdungeons-lastdays-marked.pcapng,0,4831,1379.881614000,10,f59adbed01fc8c6b7026445c1682be57,login,,,
ddpkg/stream86-bonusdungeons-lastdays-marked.pcapng,1,5029,1402.895870000,12,aac53727c08282119bfb9810174fff60,login,,,
ddpkg/stream86-bonusdungeons-lastdays-marked.pcapng,2,169,272.672927000,7,f5b9dd7d31cf79c069c36657698f000a,login,5025,2469,xjHuxmupDxXebJStnsS2gIixY2c4fgUp
ddpkg/stream86-bonusdungeons-lastdays-marked.pcapng,0,4948,1393.841031000,11,4376029e2b5adcffffd8400e53956d7e,game-select,,,
ddpkg/stream86-bonusdungeons-lastdays-marked.pcapng,1,5096,1513.335467000,13,e1ad7c601bfd9311b1374c84a84f95df,game-select,,,
ddpkg/stream86-bonusdungeons-lastdays-marked.pcapng,2,285,302.376565000,8,cbeb0b9002cf91c114688035892f282c,game-select,5025,4097,E-pksmlfoN6r3_TIBDUPdjpB9gVFZQzu
ddpkg/stream86-bonusdungeons-lastdays-marked.pcapng,0,5187,1524.125654000,14,0c86658bcc1f936377b1c34ea3b3fc0c,game,,,
ddpkg/stream86-bonusdungeons-lastdays-marked.pcapng,1,387,313.181158000,9,89e5b32f75c5648b48615429caf9d763,game,5025,4455,c3htC2eZ7uDsZBxhxHZilZCw5qGJiQQa
ddpkg/stream9-treasurelot-marked.pcapng,0,22,2.410223000,1,7619906ac8715754e5b0c7722c24d657,login,,,
ddpkg/stream9-treasurelot-marked.pcapng,1,1100,71.415302000,8,0389c68e4ec0c2b2ba29c74955bc9e21,login,,,
ddpkg/stream9-treasurelot-marked.pcapng,0,129,11.317361000,2,17ed788626395b14179d53a487596801,game-select,,,
ddpkg/stream9-treasurelot-marked.pcapng,1,1207,80.982814000,9,1ce12132cd22f9e439b123c2d885b299,game-select,,,
ddpkg/stream9-treasurelot-marked.pcapng,0,1319,92.750598000,10,1acab16295b748d89bf50c943ef29dff,game,,,
ddpkg/stream9-treasurelot-marked.pcapng,1,239,19.418381000,3,be749b6b3a8e508c04c13bd02f110c9d,game,,,
